Shop Name,"Artist Name (what will be displayed 
on signs and price sheets)",Product Code,Item Name,Item Type,Product Display,Quantity,Price per unit (C$ CAD),Notes,"You may include quantity 
for Alt Arts but it is not required."
Ams,Ams,AMS1,Frogshiko,Alt Art Card Single,Artist Display,,6.00,,
Ams,Ams,AMS2,Mercury,Alt Art Card Single,Artist Display,,6.00,,
Ams,Ams,AMS3,Dewi,Alt Art Card Single,Artist Display,,6.00,,
Ams,Ams,AMS4,Thunderbolt Armaments,Alt Art Card Single,Artist Display,,6.00,,
Ams,Ams,AMS5,AU Co.,Alt Art Card Single,Artist Display,,6.00,,
Ams,Ams,AMS6,PT Untaian,Alt Art Card Single,Artist Display,,6.00,,
Ams,Ams,AMS7,Méliès U,Alt Art Card Single,Artist Display,,6.00,"I only have one left and it's in my binder sheets. In general, there should be 3 copies of each card in each slot.",
Ams,Ams,AMS8,Nebula,Alt Art Card Single,Artist Display,,6.00,,
Ams,Ams,AMS9,Steelskin Scarring,Alt Art Card Set [3 copies],Artist Display,,10.00,,
Ams,Ams,AMS10,Strike Fund,Alt Art Card Set [3 copies],Artist Display,,10.00,,
Ams,Ams,AMS11,Bling,Alt Art Card Set [3 copies],Artist Display,,10.00,,
Ams,Ams,AMS12,The Tungsten Tailor,Alt Art Card Set [3 copies],Artist Display,,10.00,,
Ams,Ams,AMS13,Hantu,Alt Art Card Set [3 copies],Artist Display,,10.00,,
Ams,Ams,AMS14,Lampades,Alt Art Card Set [3 copies],Artist Display,,10.00,,
Ams,Ams,AMS15,Cookbook,Alt Art Card Set [3 copies],Artist Display,,10.00,,
Ams,Ams,AMS16,Clean Getaway,Alt Art Card Set [3 copies],Artist Display,,10.00,,
Ams,Ams,AMS17,Pinhole Threading,Alt Art Card Set [3 copies],Artist Display,,10.00,,
Ams,Ams,AMS18,Transfer of Wealth,Alt Art Card Set [3 copies],Artist Display,,10.00,,
Ams,Ams,AMS19,Docklands Pass,Alt Art Card Set [3 copies],Artist Display,,10.00,,
Ams,Ams,AMS20,Hermes,Alt Art Card Set [3 copies],Artist Display,,10.00,,
Ams,Ams,AMS21,Jeitinho,Alt Art Card Set [Other],Artist Display,,15.00,"Double-sided and sold in sets of 6, where each set has 1 copy of each of the 6 distinct flavour texts on the back",
Ams,Ams,AMS22,Pennyshaver,Alt Art Card Set [3 copies],Artist Display,,10.00,,
Ams,Ams,AMS23,Swift,Alt Art Card Set [3 copies],Artist Display,,10.00,,
Ams,Ams,AMS24,Afterimage,Alt Art Card Set [3 copies],Artist Display,,10.00,,
Ams,Ams,AMS25,Revolver,Alt Art Card Set [3 copies],Artist Display,,10.00,,
Ams,Ams,AMS26,Aircheck,Alt Art Card Set [3 copies],Artist Display,,10.00,,
Ams,Ams,AMS27,Beta Build,Alt Art Card Set [3 copies],Artist Display,,10.00,,
Ams,Ams,AMS28,Illumination,Alt Art Card Set [3 copies],Artist Display,,10.00,,
Ams,Ams,AMS29,In the Groove,Alt Art Card Set [3 copies],Artist Display,,10.00,,
Ams,Ams,AMS30,Ritual,Alt Art Card Set [3 copies],Artist Display,,10.00,,
Ams,Ams,AMS31,GAMEDRAGON™ Pro,Alt Art Card Set [3 copies],Artist Display,,10.00,,
Ams,Ams,AMS32,Azimat,Alt Art Card Set [3 copies],Artist Display,,10.00,,
Ams,Ams,AMS33,Devadatta Drone,Alt Art Card Set [3 copies],Artist Display,,10.00,,
Ams,Ams,AMS34,Gauss,Alt Art Card Set [3 copies],Artist Display,,10.00,,
Ams,Ams,AMS35,Mantle,Alt Art Card Set [3 copies],Artist Display,,10.00,,
Ams,Ams,AMS36,Sahasrara,Alt Art Card Set [3 copies],Artist Display,,10.00,,
Ams,Ams,AMS37,Environmental Testing,Alt Art Card Set [3 copies],Artist Display,,10.00,,
Ams,Ams,AMS38,Ashen Epilogue,Alt Art Card Set [3 copies],Artist Display,,10.00,,
Ams,Ams,AMS39,Bahia Bands,Alt Art Card Set [3 copies],Artist Display,,10.00,,
Ams,Ams,AMS40,Rejig,Alt Art Card Set [3 copies],Artist Display,,10.00,,
Ams,Ams,AMS41,Sure Gamble,Alt Art Card Set [3 copies],Artist Display,,10.00,,
Ams,Ams,AMS42,Nova/Ampere,Alt Art Card Single,Artist Display,,6.00,"Double sided - Nova on one side, Ampere on the other",
Ams,Ams,AMS43,Méliès City Luxury Line,Alt Art Card Set [3 copies],Artist Display,,10.00,,
Ams,Ams,AMS44,Midnight-3 Arcology,Alt Art Card Set [3 copies],Artist Display,,10.00,,
Ams,Ams,AMS45,Ontological Dependence,Alt Art Card Set [3 copies],Artist Display,,10.00,,
Ams,Ams,AMS46,Salvo Testing,Alt Art Card Set [3 copies],Artist Display,,10.00,,
Ams,Ams,AMS47,Wage Workers,Alt Art Card Set [3 copies],Artist Display,,10.00,,
Ams,Ams,AMS48,Scatter Field,Alt Art Card Set [3 copies],Artist Display,,10.00,,
Ams,Ams,AMS49,Ansel 1.0,Alt Art Card Set [3 copies],Artist Display,,10.00,,
Ams,Ams,AMS50,Bran 1.0,Alt Art Card Set [3 copies],Artist Display,,10.00,,
Ams,Ams,AMS51,Týr,Alt Art Card Set [3 copies],Artist Display,,10.00,,
Ams,Ams,AMS52,Fully Operational,Alt Art Card Set [3 copies],Artist Display,,10.00,,
Ams,Ams,AMS53,Top-Down Solutions,Alt Art Card Set [3 copies],Artist Display,,10.00,,
Ams,Ams,AMS54,Perfect Recall,Alt Art Card Set [3 copies],Artist Display,,10.00,,
Ams,Ams,AMS55,Longevity Serum,Alt Art Card Single,Artist Display,,6.00,,
Ams,Ams,AMS56,Lotus Haze,Alt Art Card Set [3 copies],Artist Display,,10.00,,
Ams,Ams,AMS57,Byte!,Alt Art Card Set [3 copies],Artist Display,,10.00,,
Ams,Ams,AMS58,Esca,Alt Art Card Set [3 copies],Artist Display,,10.00,,
Ams,Ams,AMS59,Cloud Eater,Alt Art Card Set [3 copies],Artist Display,,10.00,,
Ams,Ams,AMS60,Hafrún,Alt Art Card Set [3 copies],Artist Display,,10.00,,
Ams,Ams,AMS61,Lionsmane,Alt Art Card Set [3 copies],Artist Display,,10.00,,
Ams,Ams,AMS62,Phoneutria,Alt Art Card Set [3 copies],Artist Display,,10.00,,
Ams,Ams,AMS63,Vampyronassa,Alt Art Card Set [3 copies],Artist Display,,10.00,,
Ams,Ams,AMS64,Unleash,Alt Art Card Set [3 copies],Artist Display,,10.00,,
Ams,Ams,AMS65,Kingmaking,Alt Art Card Set [3 copies],Artist Display,,10.00,,
Ams,Ams,AMS66,Behold!,Alt Art Card Set [3 copies],Artist Display,,10.00,,
Ams,Ams,AMS67,Gaslight,Alt Art Card Set [3 copies],Artist Display,,10.00,,
Ams,Ams,AMS68,Lethe,Alt Art Card Set [3 copies],Artist Display,,10.00,,
Ams,Ams,AMS69,Mestnichestvo,Alt Art Card Set [3 copies],Artist Display,,10.00,,
Ams,Ams,AMS70,Seraph,Alt Art Card Set [3 copies],Artist Display,,10.00,,
Ams,Ams,AMS71,End of the Line,Alt Art Card Set [3 copies],Artist Display,,10.00,,
Ams,Ams,AMS72,Key Performance Indicators,Alt Art Card Set [3 copies],Artist Display,,10.00,,
Ams,Ams,AMS73,Myōshu,Alt Art Card Set [3 copies],Artist Display,,10.00,,
Ams,Ams,AMS74,Flagship,Alt Art Card Set [3 copies],Artist Display,,10.00,,
Ams,Ams,AMS75,Offworld Office,Alt Art Card Set [3 copies],Artist Display,,10.00,,
Ams,Ams,AMS76,Flyswatter,Alt Art Card Set [3 copies],Artist Display,,10.00,,
Ams,Ams,AMS77,Lamplighter,Alt Art Card Set [3 copies],Artist Display,,10.00,,
Ams,Ams,AMS78,Petty Cash (Business Cards),Alt Art Card Set [3 copies],Artist Display,,10.00,,
Ams,Ams,AMS79,Petty Cash (Coins),Alt Art Card Set [3 copies],Merch Table,,10.00,"Greyscale variant on the back, each playset has a different colour variant on the front",
Ams,Ams,AMS80,Pride Solidarity Badge,Alt Art Card Set [3 copies],Merch Table,,10.00,Each playset can be any combination of pride flags. All flags have the progress flag on the back,
Ams,Extrac,AMS81,Bravado,Alt Art Card Set [3 copies],Artist Display,,10.00,,
Ams,Extrac,AMS82,Seamless Launch,Alt Art Card Set [3 copies],Artist Display,,10.00,,
Ams,Extrac,AMS83,Azmari EdTech,Alt Art Card Set [3 copies],Artist Display,,10.00,,
Ams,Extrac,AMS84,Celebrity Gift,Alt Art Card Set [3 copies],Artist Display,,10.00,,
Brindelmold,Brindelmold,BR1,Anthill Excavation,Alt Art Card Set [3 copies],Artist Display,45,10.00,"(quantity is in cards, not playsets - e.g this is 15 playsets)",
Brindelmold,Brindelmold,BR2,Basalt Spire,Alt Art Card Set [3 copies],Artist Display,45,10.00,,
Brindelmold,Brindelmold,BR3,Begemot,Alt Art Card Set [3 copies],Artist Display,30,10.00,,
Brindelmold,Brindelmold,BR4,Echelon,Alt Art Card Set [3 copies],Artist Display,45,10.00,,
Brindelmold,Brindelmold,BR5,Fermenter,Alt Art Card Set [3 copies],Artist Display,30,10.00,,
Brindelmold,Brindelmold,BR6,Fujii Asset Retrieval,Alt Art Card Set [3 copies],Artist Display,30,10.00,,
Brindelmold,Brindelmold,BR7,Ghosttongue,Alt Art Card Set [3 copies],Artist Display,30,10.00,,
Brindelmold,Brindelmold,BR8,Humanoid Resources,Alt Art Card Set [3 copies],Artist Display,45,10.00,,
Brindelmold,Brindelmold,BR9,La Costa Grid,Alt Art Card Set [3 copies],Artist Display,30,10.00,,
Brindelmold,Brindelmold,BR10,Manegarm Skunkworks,Alt Art Card Set [3 copies],Artist Display,30,10.00,,
Brindelmold,Brindelmold,BR11,Measured Response,Alt Art Card Set [3 copies],Artist Display,45,10.00,,
Brindelmold,Brindelmold,BR12,Mindscaping,Alt Art Card Set [3 copies],Artist Display,30,10.00,,
Brindelmold,Brindelmold,BR13,Oppo Research,Alt Art Card Set [3 copies],Artist Display,30,10.00,,
Brindelmold,Brindelmold,BR14,Wage Workers,Alt Art Card Set [3 copies],Artist Display,45,10.00,,
Brindelmold,Brindelmold,BR15,Hypoxia,Alt Art Card Set [3 copies],Artist Display,30,10.00,,
Brindelmold,Brindelmold,BR16,Bran,Alt Art Card Set [3 copies],Artist Display,21,10.00,,
Brindelmold,Brindelmold,BR17,Phat,Alt Art Card Set [3 copies],Artist Display,30,10.00,,
Brindelmold,Brindelmold,BR18,Regolith Mining License,Alt Art Card Set [3 copies],Artist Display,30,10.00,,
Brindelmold,Brindelmold,BR19,Send a Message,Alt Art Card Set [3 copies],Artist Display,30,10.00,,
Brindelmold,Brindelmold,BR20,Slash and Burn Agriculture,Alt Art Card Set [3 copies],Artist Display,30,10.00,,
Brindelmold,Brindelmold,BR21,Spin Doctor,Alt Art Card Set [3 copies],Artist Display,60,10.00,,
Brindelmold,Brindelmold,BR22,Steelskin Scarring,Alt Art Card Set [3 copies],Artist Display,30,10.00,,
Brindelmold,Brindelmold,BR23,Strike Fund,Alt Art Card Set [3 copies],Artist Display,30,10.00,,
Brindelmold,Brindelmold,BR24,Sure Gamble,Alt Art Card Set [3 copies],Artist Display,45,10.00,,
Brindelmold,Brindelmold,BR25,Svyatogor Excavator,Alt Art Card Set [3 copies],Artist Display,30,10.00,,
Brindelmold,Brindelmold,BR26,The Holo Man,Alt Art Card Set [3 copies],Artist Display,45,10.00,,
Brindelmold,Brindelmold,BR27,The Price,Alt Art Card Set [3 copies],Artist Display,30,10.00,,
Brindelmold,Brindelmold,BR28,The Twinning,Alt Art Card Set [3 copies],Artist Display,15,10.00,,
Brindelmold,Brindelmold,BR29,Transfer of Wealth,Alt Art Card Set [3 copies],Artist Display,45,10.00,,
Brindelmold,Brindelmold,BR30,Tranquility Home Grid,Alt Art Card Set [3 copies],Artist Display,30,10.00,,
Brindelmold,Brindelmold,BR31,Your Digital Life,Alt Art Card Set [3 copies],Artist Display,30,10.00,,
Brindelmold,Brindelmold,BR32,Pharos,Alt Art Card Set [3 copies],Artist Display,45,10.00,,
Brindelmold,Brindelmold,BR33,Arruacerias Crew,Alt Art Card Set [3 copies],Artist Display,30,10.00,,
Brindelmold,Brindelmold,BR34,Longevity Serum,Alt Art Card Single,Artist Display,20,7.00,,
Brindelmold,Brindelmold,BR35,Precision Design,Alt Art Card Single,Artist Display,10,7.00,,
Brindelmold,Brindelmold,BR36,Esa,Alt Art Card Single,Artist Display,11,7.00,,
Brindelmold,Brindelmold,BR37,Loup,Alt Art Card Single,Artist Display,7,7.00,,
Brita Dorfman,Drew Shields,BD1,Clean Getaway,Alt Art Card Set [3 copies],Artist Display,,10.00,pre sleeved in playsets of 3,
Brita Dorfman,Silas Goewey,BD2,Stowaway,Alt Art Card Set [3 copies],Artist Display,,10.00,pre sleeved in playsets of 3,
Brita Dorfman,Mart Lett,BD3,Hansei Review,Alt Art Card Set [3 copies],Artist Display,,10.00,pre sleeved in playsets of 3,
Brita Dorfman,Amy Lane,BD4,Vic,Alt Art Card Single,Artist Display,,7.00,,
Claire Riordan,Claire Riordan,CR-AC,Retro Alarm Clock,Alt Art Card Set [3 copies],Artist Display,15,8.00,"Quantity excludes display alt, and is always quantity of playsets",
Claire Riordan,Claire Riordan,CR-B,Retro Burner,Alt Art Card Set [3 copies],Artist Display,14,8.00,"Quantity excludes display alt, and is always quantity of playsets",
Claire Riordan,Claire Riordan,CR-DC,Fleischer Devil Charm,Alt Art Card Set [3 copies],Artist Display,20,8.00,"Quantity excludes display alt, and is always quantity of playsets",
Claire Riordan,Claire Riordan,CR-J,Tattoo Jeitinho,Alt Art Card Set [3 copies],Artist Display,19,8.00,"Quantity excludes display alt, and is always quantity of playsets",
Claire Riordan,Claire Riordan,CR-LC,Lucky Charm Cereal,Alt Art Card Set [3 copies],Artist Display,19,8.00,"Quantity excludes display alt, and is always quantity of playsets",
Claire Riordan,Claire Riordan,CR-S,Swift: The Factions Tour,Alt Art Card Set [3 copies],Artist Display,5,8.00,"Quantity excludes display alt, and is always quantity of playsets",
Claire Riordan,Claire Riordan,CR-WC,Retro Wizard' Chest,Alt Art Card Set [3 copies],Artist Display,10,8.00,"Quantity excludes display alt, and is always quantity of playsets",
Claire Riordan,Scott Uminga,CR-H,Hermes,Alt Art Card Set [3 copies],Artist Display,1,15.00,"Art was comissioned by Scott Uminga and being sold on behalf of the comissioner who has rights to sell. Quantity excludes display alt, and is always quantity of playsets",
Claire Riordan,Claire Riordan,CR-W95,Windows 95 Playmat,Other,Artist Display,10,60.00,,
Complicated Reality,Complicated Reality,CLR1,HOLO Scatter Field,Alt Art Card Set [3 copies],Artist Display,3,15.00,,
Complicated Reality,Complicated Reality,CLR2,Scatter Field (Non-Holo),Alt Art Card Set [3 copies],Artist Display,5,10.00,,
Complicated Reality,Complicated Reality,CLR3,Ablative Barrier,Alt Art Card Set [3 copies],Artist Display,4,10.00,,
Complicated Reality,Complicated Reality,CLR4,Neurospike,Alt Art Card Set [3 copies],Artist Display,5,10.00,,
Complicated Reality,Complicated Reality,CLR5,Chromatophores,Alt Art Card Set [3 copies],Artist Display,5,10.00,,
Complicated Reality,Complicated Reality,CLR6,Botulus,Alt Art Card Set [3 copies],Artist Display,4,10.00,,
Complicated Reality,Complicated Reality,CLR7,MISPRINTED Anoetic Void,Alt Art Card Single,Artist Display,12,2.00,"Single cards. Wrong Card Type printed, Not tournament legal.",
DanB,DanB,DB-GT,Mahjong Click Trackers - Green/Teal,Accessory,Artist Display,4,20.00,Sets of 5,
DanB,DanB,DB-GK,Mahjong Click Trackers - Green/Black,Accessory,Artist Display,11,20.00,Sets of 5,
DanB,DanB,DB-GP,Mahjong Click Trackers - Green/Purple,Accessory,Artist Display,7,20.00,Sets of 5,
DanB,DanB,DB-PM,Mahjong Click Trackers - Pink/Magenta,Accessory,Artist Display,5,20.00,Sets of 5,
DanB,DanB,DB-PP,Mahjong Click Trackers - Pink/Pink,Accessory,Artist Display,5,20.00,Sets of 5,
DanB,DanB,DB-PB,Mahjong Click Trackers - Pink/Blue,Accessory,Artist Display,3,20.00,Sets of 5,
DanB,DanB,DB-PK,Mahjong Click Trackers - Pink/Black,Accessory,Artist Display,5,20.00,Sets of 5,
DanB,DanB,DB-BB,Mahjong Click Trackers - Blue/Blue,Accessory,Artist Display,10,20.00,Sets of 5,
DanB,DanB,DB-BK,Mahjong Click Trackers - Blue/Black,Accessory,Artist Display,10,20.00,Sets of 5,
Dave976,Dave976,D1,Strike Fund,Alt Art Card Set [3 copies],Artist Display,?,10.00,,
Dave976,Dave976,D2,Fencer Fueno,Alt Art Card Set [3 copies],Artist Display,?,10.00,,
Dave976,Dave976,D3,Burner,Alt Art Card Set [3 copies],Artist Display,?,10.00,,
Dave976,Dave976,D4,Cuppelation,Alt Art Card Set [3 copies],Artist Display,?,10.00,,
Dave976,Dave976,D5,Madani,Alt Art Card Set [3 copies],Artist Display,,10.00, -- This card is waiting for approval from the Mayors Office.   So it may not make it to the Artsit Colony without the permission from his office,
Goma Games,Goma Games,GG1,Shaper BS T-Shirt,Apparel,Merch Table,,35.00,,
Goma Games,Goma Games,GG2,Jinteki - Hard Science T-Shirt,Apparel,Merch Table,,35.00,,
Goma Games,Goma Games,GG3,Shaper BS Sticker,Sticker,Artist Display,,5.00,,
Goma Games,Goma Games,GG4,Jinteki - Hard Science Sticker,Sticker,Artist Display,,5.00,,
Goma Games,Goma Games,GG5,"Push Your Luck Limited Edition Poker Chip Tokens
25x 1-Credit, 7x 5-Credits",Accessory,Artist Display,,150.00,,
Gabriella Armstrong,Gabriella Armstrong,GA1,Hedge Fund,Alt Art Card Set [3 copies],Artist Display,29,7.50,,
Gabriella Armstrong,Gabriella Armstrong,GA2,Seamless Launch,Alt Art Card Set [3 copies],Artist Display,29,7.50,,
Gabriella Armstrong,Gabriella Armstrong,GA3,Spin Doctor,Alt Art Card Set [3 copies],Artist Display,29,7.50,,
Gabriella Armstrong,Gabriella Armstrong,GA4,Overclock,Alt Art Card Set [3 copies],Artist Display,29,7.50,,
Gabriella Armstrong,Gabriella Armstrong,GA5,Sure Gamble,Alt Art Card Set [3 copies],Artist Display,29,7.50,,
Gwyndolyn Marchant,Gwyndolyn Marchant,GM1,Muse,Alt Art Card Set [3 copies],Artist Display,6,7.00,6 sets of 3,
Gwyndolyn Marchant,Gwyndolyn Marchant,GM2,Next Big Thing,Alt Art Card Set [3 copies],Artist Display,6,7.00,6 sets of 3,
Gwyndolyn Marchant,Gwyndolyn Marchant,GM3,Scrounge,Alt Art Card Set [3 copies],Artist Display,6,7.00,6 sets of 3,
Gwyndolyn Marchant,Gwyndolyn Marchant,GM4,Spin Doctor,Alt Art Card Set [3 copies],Artist Display,6,7.00,6 sets of 3,
Gwyndolyn Marchant,Gwyndolyn Marchant,GM5,Alarm Clock,Alt Art Card Set [3 copies],Artist Display,6,7.00,6 sets of 3,
Gwyndolyn Marchant,Gwyndolyn Marchant,GM6,Cookbook,Alt Art Card Set [3 copies],Artist Display,6,7.00,6 sets of 3,
Gwyndolyn Marchant,Gwyndolyn Marchant,GM7,Bangun,Alt Art Card Single,Artist Display,18,5.00,18 individual cards,
Gwyndolyn Marchant,Gwyndolyn Marchant,GM8,Artist Card (Free),Other,Artist Display,36,0.00,Please distribute one per purchase,
Gwyndolyn Marchant,Gwyndolyn Marchant,GM9,Cardgame Hacking AN Sleeves,Accessory,Artist Display,8,25.00,Should be in baggies of 50 sleeves each,
Jarrett & Saewon,Jarrett & Saewon,JSP1,Netwalker Card Game,Other,Artist Display,22,20.00,,
Jarrett & Saewon,Saewon Park,JSP2,Hedge Fund sticker,Sticker,Artist Display,10,1.50,,
Jarrett & Saewon,Saewon Park,JSP3,Egg sticker,Sticker,Artist Display,10,1.50,,
Jarrett & Saewon,Saewon Park,JSP4,Interface glossy sticker,Sticker,Artist Display,10,2.00,,
Jeloshots,Jeloshots,JS1,Holographic Event Horizon,Alt Art Card Set [3 copies],Artist Display,30,7.00,,
Jeloshots,Jeloshots,JS2,Holographic The Twinning,Alt Art Card Set [3 copies],Artist Display,30,7.00,,
Jeloshots,Jeloshots,JS3,Holographic Moonpool,Alt Art Card Set [3 copies],Artist Display,30,7.00,,
Jeloshots,Jeloshots,JS4,Holographic Finality,Alt Art Card Set [3 copies],Artist Display,30,7.00,,
Jinksey,Jinksey,JK1,Anoetic Void,Alt Art Card Set [3 copies],Artist Display,6,6.00,,
Jinksey,Jinksey,JK2,Anthill Excavation Contract,Alt Art Card Set [3 copies],Artist Display,6,6.00,,
Jinksey,Jinksey,JK3,Bass CH1R180G4,Alt Art Card Set [3 copies],Artist Display,8,6.00,,
Jinksey,Jinksey,JK4,Biawak,Alt Art Card Set [3 copies],Artist Display,6,6.00,,
Jinksey,Jinksey,JK5,Botulus,Alt Art Card Set [3 copies],Artist Display,6,6.00,,
Jinksey,Jinksey,JK6,Bravado,Alt Art Card Set [3 copies],Artist Display,5,6.00,,
Jinksey,Jinksey,JK7,Bumi 1.0,Alt Art Card Set [3 copies],Artist Display,6,6.00,,
Jinksey,Jinksey,JK8,Burner,Alt Art Card Set [3 copies],Artist Display,6,6.00,,
Jinksey,Jinksey,JK9,Buzzsaw,Alt Art Card Set [3 copies],Artist Display,6,6.00,,
Jinksey,Jinksey,JK10,Byte!,Alt Art Card Set [3 copies],Artist Display,7,6.00,,
Jinksey,Jinksey,JK11,Cacophony,Alt Art Card Set [3 copies],Artist Display,6,6.00,,
Jinksey,Jinksey,JK12,Chromatophores,Alt Art Card Set [3 copies],Artist Display,7,6.00,,
Jinksey,Jinksey,JK13,Clean Getaway,Alt Art Card Set [3 copies],Artist Display,3,6.00,,
Jinksey,Jinksey,JK14,Coalescence,Alt Art Card Set [3 copies],Artist Display,7,6.00,,
Jinksey,Jinksey,JK15,Daily Casts,Alt Art Card Set [3 copies],Artist Display,6,6.00,,
Jinksey,Jinksey,JK16,Descent,Alt Art Card Set [3 copies],Artist Display,7,6.00,,
Jinksey,Jinksey,JK17,Devadatta Drone,Alt Art Card Set [3 copies],Artist Display,6,6.00,,
Jinksey,Jinksey,JK18,Doomscroll,Alt Art Card Set [3 copies],Artist Display,4,6.00,,
Jinksey,Jinksey,JK19,Dr. Nuka,Alt Art Card Set [3 copies],Artist Display,9,6.00,,
Jinksey,Jinksey,JK20,DZMZ Optimizer,Alt Art Card Set [3 copies],Artist Display,7,6.00,,
Jinksey,Jinksey,JK21,Envelopment,Alt Art Card Set [3 copies],Artist Display,6,6.00,,
Jinksey,Jinksey,JK22,Event Horizon,Alt Art Card Set [3 copies],Artist Display,7,6.00,,
Jinksey,Jinksey,JK23,Flood the Market,Alt Art Card Set [3 copies],Artist Display,9,6.00,,
Jinksey,Jinksey,JK24,Flyswatter,Alt Art Card Set [3 copies],Artist Display,6,6.00,,
Jinksey,Jinksey,JK25,Fujii Asset Retrieval,Alt Art Card Set [3 copies],Artist Display,6,6.00,,
Jinksey,Jinksey,JK26,Gour(d)mand (Pumpkin),Alt Art Card Set [3 copies],Artist Display,6,6.00,Pumpkin variation,
Jinksey,Jinksey,JK27,Gourmand (Purple Monster),Alt Art Card Set [3 copies],Artist Display,4,6.00,Purple monster variation,
Jinksey,Jinksey,JK28,"Hannah ""Wheels"" Pilintra",Alt Art Card Set [3 copies],Artist Display,6,6.00,,
Jinksey,Jinksey,JK29,Humanoid Resources,Alt Art Card Set [3 copies],Artist Display,6,6.00,,
Jinksey,Jinksey,JK30,Keiko,Alt Art Card Set [3 copies],Artist Display,8,6.00,,
Jinksey,Jinksey,JK31,Kessleroid,Alt Art Card Set [3 copies],Artist Display,7,6.00,,
Jinksey,Jinksey,JK32,Knickknack O'Brian,Alt Art Card Set [3 copies],Artist Display,7,6.00,,
Jinksey,Jinksey,JK33,LEO Construction,Alt Art Card Single,Artist Display,10,4.00,,
Jinksey,Jinksey,JK34,Let Them Dream,Alt Art Card Set [3 copies],Artist Display,10,6.00,,
Jinksey,Jinksey,JK35,Lie Low,Alt Art Card Set [3 copies],Artist Display,6,6.00,,
Jinksey,Jinksey,JK36,Lionsmane,Alt Art Card Set [3 copies],Artist Display,7,6.00,,
Jinksey,Jinksey,JK37,Madani,Alt Art Card Set [3 copies],Artist Display,7,6.00,,
Jinksey,Jinksey,JK38,Magistrate Revontulet,Alt Art Card Set [3 copies],Artist Display,6,6.00,,
Jinksey,Jinksey,JK39,Mahkota Langit Grid,Alt Art Card Set [3 copies],Artist Display,6,6.00,,
Jinksey,Jinksey,JK40,Mark Identifier,Alt Art Card Single,Artist Display,8,4.00,,
Jinksey,Jinksey,JK41,Maskirovka,Alt Art Card Set [3 copies],Artist Display,6,6.00,,
Jinksey,Jinksey,JK42,Measured Response,Alt Art Card Set [3 copies],Artist Display,6,6.00,,
Jinksey,Jinksey,JK43,Moon Pool,Alt Art Card Set [3 copies],Artist Display,7,6.00,,
Jinksey,Jinksey,JK44,Muse,Alt Art Card Set [3 copies],Artist Display,8,6.00,,
Jinksey,Jinksey,JK45,Open Market,Alt Art Card Set [3 copies],Artist Display,6,6.00,,
Jinksey,Jinksey,JK46,Oppo Research,Alt Art Card Set [3 copies],Artist Display,6,6.00,,
Jinksey,Jinksey,JK47,Petty Cash,Alt Art Card Set [3 copies],Artist Display,6,6.00,,
Jinksey,Jinksey,JK48,Phật Gioan Baotixita,Alt Art Card Set [3 copies],Artist Display,6,6.00,,
Jinksey,Jinksey,JK49,Pinhole Threading,Alt Art Card Set [3 copies],Artist Display,6,6.00,,
Jinksey,Jinksey,JK50,Plutus,Alt Art Card Set [3 copies],Artist Display,6,6.00,,
Jinksey,Jinksey,JK51,Propeller,Alt Art Card Set [3 copies],Artist Display,6,6.00,,
Jinksey,Jinksey,JK52,Raindrops Cut Stone,Alt Art Card Set [3 copies],Artist Display,6,6.00,,
Jinksey,Jinksey,JK53,Red Level Clearance,Alt Art Card Set [3 copies],Artist Display,3,6.00,,
Jinksey,Jinksey,JK54,Regenesis,Alt Art Card Set [3 copies],Artist Display,7,6.00,,
Jinksey,Jinksey,JK55,Rising Tide,Alt Art Card Set [3 copies],Artist Display,6,6.00,,
Jinksey,Jinksey,JK56,Ritual,Alt Art Card Set [3 copies],Artist Display,7,6.00,,
Jinksey,Jinksey,JK57,Scatter Field,Alt Art Card Set [3 copies],Artist Display,6,6.00,,
Jinksey,Jinksey,JK58,Self-Modifying Code,Alt Art Card Set [3 copies],Artist Display,7,6.00,,
Jinksey,Jinksey,JK59,Semak-Samun (Night Landscape),Alt Art Card Set [3 copies],Artist Display,6,6.00,Night landscape variation,
Jinksey,Jinksey,JK60,Semak-Saum (Cartoon),Alt Art Card Set [3 copies],Artist Display,6,6.00,Wacky cartoon variation,
Jinksey,Jinksey,JK61,Simulchip,Alt Art Card Set [3 copies],Artist Display,6,6.00,,
Jinksey,Jinksey,JK62,Sleipnir,Alt Art Card Set [3 copies],Artist Display,6,6.00,,
Jinksey,Jinksey,JK63,Synchrocyclotron,Alt Art Card Set [3 copies],Artist Display,6,6.00,,
Jinksey,Jinksey,JK64,Tatu-Bola,Alt Art Card Set [3 copies],Artist Display,6,6.00,,
Jinksey,Jinksey,JK65,The Class Act,Alt Art Card Set [3 copies],Artist Display,6,6.00,,
Jinksey,Jinksey,JK66,The Powers That Be,Alt Art Card Set [3 copies],Artist Display,6,6.00,,
Jinksey,Jinksey,JK67,The Tungsten Tailor,Alt Art Card Set [3 copies],Artist Display,7,6.00,,
Jinksey,Jinksey,JK68,The Twinning,Alt Art Card Set [3 copies],Artist Display,7,6.00,,
Jinksey,Jinksey,JK69,Tranquility Home Grid,Alt Art Card Set [3 copies],Artist Display,6,6.00,,
Jinksey,Jinksey,JK70,Transfer of Wealth,Alt Art Card Set [3 copies],Artist Display,6,6.00,,
Jinksey,Jinksey,JK71,Tree Line,Alt Art Card Set [3 copies],Artist Display,6,6.00,,
Jinksey,Jinksey,JK72,Underdome Irregulars,Alt Art Card Set [3 copies],Artist Display,4,6.00,,
Jinksey,Jinksey,JK73,Vic,Alt Art Card Single,Artist Display,11,4.00,,
Jinksey,Jinksey,JK74,Whitespace,Alt Art Card Set [3 copies],Artist Display,7,6.00,,
Jinksey,Jinksey,JK75,Winchester,Alt Art Card Set [3 copies],Artist Display,7,6.00,,
Jinksey,Jinksey,JK76,Byte! Sticker,Sticker,Artist Display,100,2.00,,
Zhansonic,Zhansonic,ZS1,SG Corp ID THIN,Alt Art Card Set [Other],Artist Display,11,10.00,All 4 IDs (4 cards total per set),
Zhansonic,Zhansonic,ZS2,SG Corp ID THICK,Alt Art Card Set [Other],Artist Display,8,10.00,All 4 IDs (4 cards total per set),
Zhansonic,Zhansonic,ZS3,Medieval Biawak,Alt Art Card Set [3 copies],Artist Display,26,5.00,jon: it's okay if you don't know the quantity for these,
Zhansonic,Zhansonic,ZS4,Nit Whitespace,Alt Art Card Set [3 copies],Artist Display,16,5.00,,
Zhansonic,Zhansonic,ZS5,Penguin Whitespace,Alt Art Card Set [3 copies],Artist Display,10,5.00,,
Zhansonic,Zhansonic,ZS6,Greetings Pharos,Alt Art Card Set [3 copies],Artist Display,9,5.00,,
Zhansonic,Zhansonic,ZS7,Gougar Jaguarundi,Alt Art Card Set [3 copies],Artist Display,6,5.00,,
Zhansonic,Zhansonic,ZS8,Wigan Knickknack,Alt Art Card Set [3 copies],Artist Display,12,5.00,Each card in a playset has a different flavor text,
Zhansonic,Zhansonic,ZS9,Banner,Alt Art Card Set [3 copies],Artist Display,18,3.00,,
Zhansonic,Zhansonic,ZS10,Foil Banner,Alt Art Card Set [3 copies],Artist Display,6,15.00,,
Zhansonic,Zhansonic,ZS11,Blank Slap Vandal,Alt Art Card Set [3 copies],Artist Display,9,3.00,,
Zhansonic,Zhansonic,ZS12,Pride Slap Vandal,Alt Art Card Set [3 copies],Artist Display,16,3.00,,
Zhansonic,Zhansonic,ZS13,Pivot,Alt Art Card Set [3 copies],Artist Display,16,3.00,,
Zhansonic,Zhansonic,ZS14,The Price,Alt Art Card Set [3 copies],Artist Display,13,3.00,,
Zhansonic,Zhansonic,ZS15,Ritual,Alt Art Card Set [3 copies],Artist Display,22,3.00,,
Zhansonic,Zhansonic,ZS16,Seraph,Alt Art Card Set [3 copies],Artist Display,8,3.00,,
Zhansonic,Zhansonic,ZS17,Measured Response,Alt Art Card Set [3 copies],Artist Display,7,3.00,,
Zhansonic,Zhansonic,ZS18,End of the Line,Alt Art Card Set [3 copies],Artist Display,10,3.00,,
Zhansonic,Zhansonic,ZS19,Physarum Entangler,Alt Art Card Set [3 copies],Artist Display,12,3.00,,
Zhansonic,Zhansonic,ZS20,Cat's Cradle,Alt Art Card Set [3 copies],Artist Display,12,3.00,,
Zhansonic,Zhansonic,ZS21,Pride HB sticker,Sticker,Artist Display,26,3.00,,
Zhansonic,Zhansonic,ZS22,Pride Jinteki sticker,Sticker,Artist Display,20,3.00,,
Zhansonic,Zhansonic,ZS23,Pride NBN sticker,Sticker,Artist Display,20,3.00,,
Zhansonic,Zhansonic,ZS24,Pride Weyland sticker,Sticker,Artist Display,19,3.00,,
Kalypso,Kalypso,KA001,Jinteki Ink Painting Set 1,Alt Art Card Set [Other],Artist Display,51,42.00,"(Purchase any 3 of KA001-KA005, get 1x KA006 free. Purchase any 4 KA001-KA005, get 2x KA006 free.)",
Kalypso,Kalypso,KA002,Jinteki Ink Painting Set 2,Alt Art Card Set [Other],Artist Display,48,42.00,"(Purchase any 3 of KA001-KA005, get 1x KA006 free. Purchase any 4 KA001-KA005, get 2x KA006 free.)",
Kalypso,Kalypso,KA003,Jinteki Ink Painting Set 3,Alt Art Card Set [Other],Artist Display,49,42.00,"(Purchase any 3 of KA001-KA005, get 1x KA006 free. Purchase any 4 KA001-KA005, get 2x KA006 free.)",
Kalypso,Kalypso,KA004,Jinteki Ink Painting Set 4,Alt Art Card Set [Other],Artist Display,89,42.00,"(Purchase any 3 of KA001-KA005, get 1x KA006 free. Purchase any 4 KA001-KA005, get 2x KA006 free.)",
Kalypso,Kalypso,KA005,Stained Glass ID Set,Alt Art Card Set [Other],Artist Display,38,42.00,"(Purchase any 3 of KA001-KA005, get 1x KA006 free. Purchase any 4 KA001-KA005, get 2x KA006 free.)",
Kalypso,Kalypso,KA006,Fully Operational (Free with purchase of any 3),Alt Art Card Set [3 copies],Artist Display,55,12.00,"(Purchase any 3 of KA001-KA005, get 1x KA006 free. Purchase any 4 KA001-KA005, get 2x KA006 free.)",
KEClaytor,KEClaytor,,See Digital Catalogue,Alt Art Card Single,Artist Display,20,0.00,,
Kenseventy,Kenseventy,KMCT1A,Canada Flag Tokens,Accessory,Artist Display,7,12.50,Set of 4 tokens,
Kenseventy,Kenseventy,KMCT1B,Quebec Flag Tokens,Accessory,Artist Display,6,12.50,Set of 4 tokens,
Kenseventy,Kenseventy,KMCT2A,Slap Vandal Token 'Canada',Accessory,Artist Display,6,7.00,"White text on red, Worlds branding on back",
Kenseventy,Kenseventy,KMCT2B,Slap Vandal Trojan,Accessory,Artist Display,6,5.00,Single Token,
Kenseventy,Kenseventy,KMCT3A,Audrey Tokens 'Metro MTL',Accessory,Artist Display,8,15.00,"Green, Yellow, Orange, Blue and White in set of 5",
Kenseventy,Kenseventy,KMCT3B,Audrey Tokens Dark Orange,Accessory,Artist Display,5,8.00,Set of 5,
Kenseventy,Kenseventy,KMCT3C,Audrey Tokens Light Orange,Accessory,Artist Display,4,8.00,Set of 5,
Kenseventy,Kenseventy,KMCT4A,Twinning Crystals 'Metro MTL',Accessory,Artist Display,8,12.50,"Frosted Yellow, Frosted Green, Frosted Blue, Frosted Orange, Set of 4",
Kenseventy,Kenseventy,KMCT4B,Twinning Crystals Neon Green,Accessory,Artist Display,8,7.00,Set of 2,
Kenseventy,Kenseventy,KMCT4C,Twinning Crystals Orange,Accessory,Artist Display,10,7.00,Set of 2,
Kenseventy,Kenseventy,KMCT5A,Gamedragon Marker (Opaque),Accessory,Artist Display,6,9.00,Single Marker,
Kenseventy,Kenseventy,KMCT5B,Gamedragon Marker (Marble Green),Accessory,Artist Display,6,10.00,Single Marker,
Kenseventy,Kenseventy,KMCT5C,Gamedragon Marker (Glitter),Accessory,Artist Display,3,11.00,Single Marker,
Kenseventy,Kenseventy,KMCT6,Mantle Recurring Credit,Accessory,Artist Display,9,3.00,Single Token,
Kenseventy,Kenseventy,KMCT7,Azimat Recurring Credits,Accessory,Artist Display,10,6.00,Pair of tokens,
Kenseventy,Kenseventy,KMCT8,Cezve Recurring Credits,Accessory,Artist Display,6,6.00,Pair of tokens,
Kenseventy,Kenseventy,KMCT9,Chromatophores Trojan,Accessory,Artist Display,6,5.00,Single Token,
Kenseventy,Kenseventy,KMCT10A,Stowaway Trojan,Accessory,Artist Display,6,4.00,Single Token,
Kenseventy,Kenseventy,KMCT10B,Stowaway Trojan (Marble Green),Accessory,Artist Display,6,6.00,Single Token,
Kenseventy,Kenseventy,KMCT10C,Stowaway Trojan (Glitter),Accessory,Artist Display,6,6.00,Single Token,
Kenseventy,Kenseventy,KMCT11A,Pichacho Trojan,Accessory,Artist Display,6,4.00,Single Token,
Kenseventy,Kenseventy,KMCT11B,Pichacho Trojan (Marble Green),Accessory,Artist Display,6,6.00,Single Token,
Kenseventy,Kenseventy,KMCT12,Tranquilizer Trojan,Accessory,Artist Display,6,4.00,Single Token,
Kenseventy,Kenseventy,KMCT13,Saci Trojan,Accessory,Artist Display,6,4.00,Single Token,
Kenseventy,Kenseventy,KMCT14,Entangler Trojan,Accessory,Artist Display,6,4.00,Single Token,
Kenseventy,Kenseventy,KMCT15A,Boomerang Marker (Opaque),Accessory,Artist Display,6,4.00,Single Token,
Kenseventy,Kenseventy,KMCT15B,Boomerang Marker (Frosted),Accessory,Artist Display,6,6.00,Single Token,
Kenseventy,Kenseventy,KMCT16A,Hush Trojan,Accessory,Artist Display,6,4.00,Single Token,
Kenseventy,Kenseventy,KMCT16B,Hush Trojan (Glitter),Accessory,Artist Display,6,6.00,Single Token,
Kenseventy,Kenseventy,KMCT17A,Botulus Trojan (Opaque),Accessory,Artist Display,6,4.00,Single Token,
Kenseventy,Kenseventy,KMCT17B,Botulus Trojan (Frosted),Accessory,Artist Display,6,6.00,Single Token,
Kenseventy,Kenseventy,KMCT18,Chisel Trojan,Accessory,Artist Display,6,4.00,Single Token,
Kenseventy,Kenseventy,KMCT19A,Wake Implant Chip Tokens,Accessory,Artist Display,6,9.00,Blue/Red Marble Set of 3,
Kenseventy,Kenseventy,KMCT19B,Wake Implant Chip Tokens,Accessory,Artist Display,6,9.00,Blue Frosted Set of 3,
Kenseventy,Kenseventy,KMCT20A,Red Room tokens,Accessory,Artist Display,4,6.00,Set of 2,
Kenseventy,Kenseventy,KMCT20B,Red Room tokens (Clear),Accessory,Artist Display,4,8.00,Set of 2,
Kenseventy,Kenseventy,KMCT21,MTL Leaf tokens,Accessory,Artist Display,6,8.00,Set of 4,
Kenseventy,Kenseventy,KMCT22,Time Bomb Tokens,Accessory,Artist Display,4,7.00,Set of 3,
Kenseventy,Kenseventy,KMCT23A,Dr. Nuka Tokens (Opaque),Accessory,Artist Display,6,6.00,Set of 2,
Kenseventy,Kenseventy,KMCT23B,Dr. Nuka Tokens (Marble Green),Accessory,Artist Display,6,8.00,Set of 2,
Kenseventy,Kenseventy,KMCT24A,TH Cezve (Arrows),Accessory,Artist Display,4,8.00,Set of 2,
Kenseventy,Kenseventy,KMCT24B,TH Cezve Cup,Accessory,Artist Display,9,8.00,Set of 2,
Kenseventy,Kenseventy,KMCT25A,Agenda Marker Tokens (LtD),Accessory,Artist Display,4,6.00,Set of 3,
Kenseventy,Kenseventy,KMCT25B,Agenda Marker Tokens (LtD) (Marble Black),Accessory,Artist Display,4,6.00,Set of 3,
Kenseventy,Kenseventy,KMCT26,Lotus Haze Tokens,Accessory,Artist Display,6,6.00,Set of 3,
Kenseventy,Kenseventy,KMCT27,Caveat Click Marker,Accessory,Artist Display,6,5.00,Single Marker,
Kenseventy,Kenseventy,KMCT28,Stegodon Marker,Accessory,Artist Display,6,5.00,Single Marker,
Kenseventy,Kenseventy,KMCT29,Dr. Nuka Tokens,Accessory,Artist Display,6,6.00,Set of 2,
Kenseventy,Kenseventy,KMCT30,Olympic Stadium Recurring Tokens ,Accessory,Artist Display,5,8.00,Set of 2,
Kenseventy,Kenseventy,KMCT31A,Sticker New Angeles Swordfish,Sticker,Artist Display,6,1.00,,
Kenseventy,Kenseventy,KMCT31B,"Sticker Shaper ""OnlyBans""",Sticker,Artist Display,6,1.00,,
Kenseventy,Kenseventy,KMCT31C,Sticker Meme Keiko,Sticker,Artist Display,6,1.00,,
Kenseventy,Kenseventy,KMCT31D,Sticker Meme Dinosaurus,Sticker,Artist Display,6,1.00,,
Kenseventy,Kenseventy,KMCT32,Mirrormorph Acrylic ID,Other,Artist Display,4,20.00,"Mirror Purple ""ID""",
Kohakufire - Jay Mero,Kohakufire - Jay Mero,JM1,Hoshiko Shojo magical girl,Art Print,Artist Display,19,15.00,quantity includes example,
Kohakufire - Jay Mero,Kohakufire - Jay Mero,JM2,Mini Constructor,Art Print,Artist Display,7,20.00,quantity includes example,
Kohakufire - Jay Mero,Kohakufire - Jay Mero,JM3,Mini Hoshiko Shoujo,Art Print,Artist Display,4,5.00,quantity includes example,
Kohakufire - Jay Mero,Kohakufire - Jay Mero,JM4,Hoshiko Halloween puppet,Art Print,Artist Display,7,2.50,quantity includes example,
Kohakufire - Jay Mero,Kohakufire - Jay Mero,JM5,Inspired Contract,Art Print,Artist Display,5,5.00,quantity includes example,
Kohakufire - Jay Mero,Kohakufire - Jay Mero,JM6,Hoshiko ID,Alt Art Card Single,Artist Display,12,2.50,quantity includes example,
Kohakufire - Jay Mero,Kohakufire - Jay Mero,JM7,Boto,Alt Art Card Set [3 copies],Artist Display,46,8.00,quantity includes example,
Kohakufire - Jay Mero,Kohakufire - Jay Mero,JM8,Open Market,Alt Art Card Set [3 copies],Artist Display,43,8.00,quantity includes example,
Kohakufire - Jay Mero,Kohakufire - Jay Mero,JM9,Next Big Thing,Alt Art Card Set [3 copies],Artist Display,43,8.00,quantity includes example,
Kohakufire - Jay Mero,Kohakufire - Jay Mero,JM10,Laser Pointer,Alt Art Card Set [3 copies],Artist Display,49,8.50,quantity includes example,
Kohakufire - Jay Mero,Kohakufire - Jay Mero,JM11,"Trilogy Playset (3x Boto, 3x Next Big Thing, 3x Open Market)",Alt Art Card Set [Other],Artist Display,-,22.00,,
Kohakufire - Jay Mero,Kohakufire - Jay Mero,JM25,"Trilogy Single (1x Boto, 1x Next Big Thing, 1x Open Market)",Alt Art Card Set [Other],Artist Display,-,8.50,,
Kohakufire - Jay Mero,Kohakufire - Jay Mero,JM12,"Earring tier 1
Gold or Bronze Nickel-free Iron clasp with just loops / singular clip-on earring. Limited styles available.",Apparel,Merch Table,,5.00,,
Kohakufire - Jay Mero,Kohakufire - Jay Mero,JM13,"Earring tier 2
Fancier version of Gold or Bronze Nickel-free Iron clasp (with beads or chain) / stainless steel clasp (silver) with regular loops / two clip-on earrings. Limited styles available. ",Apparel,Merch Table,,10.00,,
Kohakufire - Jay Mero,Kohakufire - Jay Mero,JM14,"Earring tier 3
Fancier version of stainless steel clasp (silver) with chains, paint or regular beads. Limited styles available. ",Apparel,Merch Table,,15.00,,
Kohakufire - Jay Mero,Kohakufire - Jay Mero,JM15,"Earring tier 4
Fancier version of stainless steel clasp (silver) with fancy beads or intricate paint. Limited styles available.",Apparel,Merch Table,,25.00,,
Kohakufire - Jay Mero,Kohakufire - Jay Mero,JM16,"Keychain tier 1
Limited styles available.",Apparel,Merch Table,,2.75,,
Kohakufire - Jay Mero,Kohakufire - Jay Mero,JM17,"Keychain tier 2
One color filament / no paint. Limited styles available.",Apparel,Merch Table,,5.00,,
Kohakufire - Jay Mero,Kohakufire - Jay Mero,JM18,"Keychain tier 3
Multi-colored filament, simple paint. Limited styles available.",Apparel,Merch Table,,8.00,,
Kohakufire - Jay Mero,Kohakufire - Jay Mero,JM19,"Keychain tier 4
Limited styles available.",Apparel,Merch Table,,10.00,,
Kohakufire - Jay Mero,Kohakufire - Jay Mero,JM21,Accesory tier 1-Smaller Accessories with 3D print,Apparel,Merch Table,,7.00,,
Kohakufire - Jay Mero,Kohakufire - Jay Mero,JM22,Accesory tier 2,Apparel,Merch Table,,10.00,larger bows with larger prints and embroidery bows,
Kohakufire - Jay Mero,Kohakufire - Jay Mero,JM23,Accesory tier 3,Apparel,Merch Table,,15.00,larger bows and accessories with larger 3D prints and embroidery bows,
Kohakufire - Jay Mero,Kohakufire - Jay Mero,JM24,Accesory tier 4- Multiple faction 3D prints ,Apparel,Merch Table,,25.00,,
Kohakufire - Jay Mero,Kohakufire - Jay Mero,JM20,Misc 1$,Apparel,Merch Table,,1.00,old stock to get rid of,
ksodiya,HelaBellaArt,HB01,Muse Alt,Alt Art Card Set [3 copies],Artist Display,38,10.00,,
ksodiya,HelaBellaArt,HB02,Humanoid Resources Alt,Alt Art Card Set [3 copies],Artist Display,50,10.00,,
ksodiya,HelaBellaArt,HB03,Window of Opportunity Alt,Alt Art Card Set [3 copies],Artist Display,16,7.00,Limited Quantity Available,
ksodiya,HelabellaArt ,HB04,Tucana Alt,Alt Art Card Set [3 copies],Artist Display,15,7.00,Limited Quantity Available,
ksodiya,Alia Luna,AL01,Esca Alt,Alt Art Card Set [3 copies],Artist Display,40,7.00,,
ksodiya,Alia Luna,AL02,Coalescence Alt,Alt Art Card Set [3 copies],Artist Display,23,7.00,,
Lucius Felimus,Lucius Felimus,LF01,Architect Deployment Test,Alt Art Card Set [3 copies],Artist Display,5,6.00,,
Lucius Felimus,Lucius Felimus,LF02,Bigger Picture,Alt Art Card Set [3 copies],Artist Display,2,6.00,,
Lucius Felimus,Lucius Felimus,LF03,Botulus,Alt Art Card Set [3 copies],Artist Display,3,6.00,,
Lucius Felimus,Lucius Felimus,LF04,Bran 1.0,Alt Art Card Set [3 copies],Artist Display,4,6.00,,
Lucius Felimus,Lucius Felimus,LF05,Clean Getaway,Alt Art Card Set [3 copies],Artist Display,3,6.00,,
Lucius Felimus,Lucius Felimus,LF06,Coalescence,Alt Art Card Set [3 copies],Artist Display,6,6.00,,
Lucius Felimus,Lucius Felimus,LF07,Creative Commission,Alt Art Card Set [3 copies],Artist Display,2,6.00,,
Lucius Felimus,Lucius Felimus,LF08,Cupellation,Alt Art Card Set [3 copies],Artist Display,3,6.00,,
Lucius Felimus,Lucius Felimus,LF09,Daily Casts,Alt Art Card Set [3 copies],Artist Display,3,6.00,,
Lucius Felimus,Lucius Felimus,LF10,Docklands Pass,Alt Art Card Set [3 copies],Artist Display,4,6.00,,
Lucius Felimus,Lucius Felimus,LF11,Drafter,Alt Art Card Set [3 copies],Artist Display,4,6.00,,
Lucius Felimus,Lucius Felimus,LF12,Echelon,Alt Art Card Set [3 copies],Artist Display,7,6.00,,
Lucius Felimus,Lucius Felimus,LF13,Eminent Domain,Alt Art Card Set [3 copies],Artist Display,2,6.00,,
Lucius Felimus,Lucius Felimus,LF14,Fermenter,Alt Art Card Set [3 copies],Artist Display,3,6.00,,
Lucius Felimus,Lucius Felimus,LF15,Fully Operational,Alt Art Card Set [3 copies],Artist Display,6,6.00,,
Lucius Felimus,Lucius Felimus,LF16,Finality,Alt Art Card Set [3 copies],Artist Display,2,6.00,,
Lucius Felimus,Lucius Felimus,LF17,Hedge Fund,Alt Art Card Set [3 copies],Artist Display,6,6.00,,
Lucius Felimus,Lucius Felimus,LF18,Hermes,Alt Art Card Set [3 copies],Artist Display,3,6.00,,
Lucius Felimus,Lucius Felimus,LF19,Humanoid Resources,Alt Art Card Set [3 copies],Artist Display,3,6.00,,
Lucius Felimus,Lucius Felimus,LF20,Illumination,Alt Art Card Set [3 copies],Artist Display,3,6.00,,
Lucius Felimus,Lucius Felimus,LF21,La Costa Grid,Alt Art Card Set [3 copies],Artist Display,3,6.00,,
Lucius Felimus,Lucius Felimus,LF22,Let Them Dream,Alt Art Card Set [3 copies],Artist Display,4,6.00,,
Lucius Felimus,Lucius Felimus,LF23,Lie Low,Alt Art Card Set [3 copies],Artist Display,2,6.00,,
Lucius Felimus,Lucius Felimus,LF24,Maskirovka,Alt Art Card Set [3 copies],Artist Display,3,6.00,,
Lucius Felimus,Lucius Felimus,LF25,Midnight-3 Arcology,Alt Art Card Set [3 copies],Artist Display,2,6.00,,
Lucius Felimus,Lucius Felimus,LF26,Overclock,Alt Art Card Set [3 copies],Artist Display,3,6.00,,
Lucius Felimus,Lucius Felimus,LF27,Petty Cash,Alt Art Card Set [3 copies],Artist Display,3,6.00,,
Lucius Felimus,Lucius Felimus,LF28,Ping,Alt Art Card Set [3 copies],Artist Display,3,6.00,,
Lucius Felimus,Lucius Felimus,LF29,Pinhole Threading,Alt Art Card Set [3 copies],Artist Display,4,6.00,,
Lucius Felimus,Lucius Felimus,LF30,Plutus,Alt Art Card Set [3 copies],Artist Display,3,6.00,,
Lucius Felimus,Lucius Felimus,LF31,Public Access Plaza,Alt Art Card Set [3 copies],Artist Display,3,6.00,,
Lucius Felimus,Lucius Felimus,LF32,Public Trail,Alt Art Card Set [3 copies],Artist Display,1,6.00,,
Lucius Felimus,Lucius Felimus,LF33,Raindrops Cut Stone,Alt Art Card Set [3 copies],Artist Display,3,6.00,,
Lucius Felimus,Lucius Felimus,LF34,Regolith Mining License,Alt Art Card Set [3 copies],Artist Display,5,6.00,,
Lucius Felimus,Lucius Felimus,LF35,Revolver,Alt Art Card Set [3 copies],Artist Display,2,6.00,,
Lucius Felimus,Lucius Felimus,LF36,Rising Tide,Alt Art Card Set [3 copies],Artist Display,5,6.00,,
Lucius Felimus,Lucius Felimus,LF37,Ritual,Alt Art Card Set [3 copies],Artist Display,3,6.00,,
Lucius Felimus,Lucius Felimus,LF38,Semak Semun,Alt Art Card Set [3 copies],Artist Display,1,6.00,,
Lucius Felimus,Lucius Felimus,LF39,Simulchip,Alt Art Card Set [3 copies],Artist Display,3,6.00,,
Lucius Felimus,Lucius Felimus,LF40,Spin Doctor,Alt Art Card Set [3 copies],Artist Display,6,6.00,,
Lucius Felimus,Lucius Felimus,LF41,Sure Gamble,Alt Art Card Set [3 copies],Artist Display,5,6.00,,
Lucius Felimus,Lucius Felimus,LF42,The Basalt Spire,Alt Art Card Set [3 copies],Artist Display,3,6.00,,
Lucius Felimus,Lucius Felimus,LF43,The Class Act,Alt Art Card Set [3 copies],Artist Display,5,6.00,,
Lucius Felimus,Lucius Felimus,LF44,The Holo Man,Alt Art Card Set [3 copies],Artist Display,6,6.00,,
Lucius Felimus,Lucius Felimus,LF45,The Twinning,Alt Art Card Set [3 copies],Artist Display,2,6.00,,
Lucius Felimus,Lucius Felimus,LF46,Tranquility Home Grid,Alt Art Card Set [3 copies],Artist Display,3,6.00,,
lunari,lunari,LN01,Petty Cash,Alt Art Card Set [3 copies],Artist Display,27,10.00,,
lunari,lunari,LN02,Gourmand,Alt Art Card Set [3 copies],Artist Display,9,10.00,,
lunari,lunari,LN03,Sleipnir,Alt Art Card Set [3 copies],Artist Display,13,10.00,,
lunari,lunari,LN04,Bahia Bands,Alt Art Card Set [3 copies],Artist Display,11,10.00,,
lunari,lunari,LN05,Pinhole Threading (Double-Sided Pink/Purple and Blue),Alt Art Card Set [3 copies],Artist Display,13,10.00,,
lunari,lunari,LN06,Simulchip,Alt Art Card Set [3 copies],Artist Display,6,10.00,,
lunari,lunari,LN07,Flyswatter,Alt Art Card Set [3 copies],Artist Display,10,10.00,,
lunari,lunari,LN08,Azimat,Alt Art Card Set [3 copies],Artist Display,4,10.00,,
lunari,lunari,LN09,Your Digital Life (Clearance),Alt Art Card Set [3 copies],Artist Display,6,7.00,,
lunari,lunari,LN10,BANGUN: When Disaster Strikes (Identity),Alt Art Card Single,Artist Display,17,7.00,,
lunari,lunari,LN11,LEO Construction (Identity),Alt Art Card Single,Artist Display,12,7.00,,
lunari,lunari,LN12,Jinteki: Restoring Humanity (Identity),Alt Art Card Single,Artist Display,13,7.00,,
lunari,lunari,LN13,R+ Vintage Ad / Editorial Division Metrocard (Double-Sided Identity) ,Alt Art Card Single,Artist Display,15,10.00,,
lunari,lunari,LN14,"Ryō ""Phoenix"" Ōno (Identity) ",Alt Art Card Single,Artist Display,19,7.00,,
lunari,lunari,LN15,Lat (Identity),Alt Art Card Single,Artist Display,18,7.00,,
lunari,lunari,LN16,"Nyusha ""Sable"" Sintashta (Identity)",Alt Art Card Single,Artist Display,17,7.00,,
lunari,lunari,LN17,Hoshiko Shiro (Double-Sided Identity),Alt Art Card Single,Artist Display,10,10.00,,
lunari,lunari,LN18,[ZINE] Everyone Wants to Be Part of a Community But No One Wants to Build It - Comes with Cultivate Alt Art,Other,Artist Display,51,15.00,,
malice studios,malice studios,MS1,Balatro Malandragem,Alt Art Card Set [3 copies],Artist Display,,10.00,,
malice studios,malice studios,MS2,Underground Borehole,Alt Art Card Set [3 copies],Artist Display,,10.00,,
malice studios,malice studios,MS3,Degrees and Mills,Alt Art Card Set [3 copies],Artist Display,,5.00,,
malice studios,malice studios,MS4,Eminent Domain,Alt Art Card Set [3 copies],Artist Display,,10.00,,
malice studios,Magpie,MS5,Game Over,Alt Art Card Set [3 copies],Artist Display,,10.00,,
malice studios,malice studios,MS6,Hansei Review,Alt Art Card Set [3 copies],Artist Display,,10.00,,
malice studios,malice studios,MS7,Hermes,Alt Art Card Set [3 copies],Artist Display,,10.00,,
malice studios,malice studios,MS8,Labor Rights,Alt Art Card Set [3 copies],Artist Display,,5.00,,
malice studios,malice studios,MS9,Mamajanah,Alt Art Card Set [3 copies],Artist Display,,10.00,,
malice studios,malice studios,MS10,Mine Craft Anvil,Alt Art Card Set [3 copies],Artist Display,,10.00,,
malice studios,malice studios,MS11,Moshing Monsters,Alt Art Card Set [3 copies],Artist Display,,5.00,,
malice studios,malice studios,MS12,Mutual Favour,Alt Art Card Set [3 copies],Artist Display,,10.00,,
malice studios,malice studios,MS13,Nurse Joy,Alt Art Card Set [3 copies],Artist Display,,10.00,,
malice studios,malice studios,MS14,Plushieranahas,Alt Art Card Set [3 copies],Artist Display,,10.00,,
malice studios,Magpie,MS15,Public Access Plaza,Alt Art Card Set [3 copies],Artist Display,,10.00,,
malice studios,malice studios,MS16,Reaper Function,Alt Art Card Set [3 copies],Artist Display,,10.00,,
malice studios,malice studios,MS17,See How They Run,Alt Art Card Set [3 copies],Artist Display,,10.00,,
malice studios,malice studios,MS18,Skull Spike,Alt Art Card Set [3 copies],Artist Display,,10.00,,
malice studios,malice studios,MS19,Stargate,Alt Art Card Set [3 copies],Artist Display,,10.00,,
malice studios,Dave B,MS20,Trebuchet,Alt Art Card Set [3 copies],Artist Display,,10.00,,
malice studios,Dave B,MS21,Tucana,Alt Art Card Set [3 copies],Artist Display,,10.00,,
malice studios,Alice,MS22,Valentao,Alt Art Card Set [3 copies],Artist Display,,10.00,,
ManintheMoon & Friends,ManintheMoon & Friends,MM01,Booster Pack (random 3x playsets 1x ID),Other,Artist Display,12,19.50,Each booster pack contains 3 playsets and 1 ID,
ManintheMoon & Friends,ManintheMoon & Friends,MM02,Ablative Barrier,Alt Art Card Set [3 copies],Artist Display,10,8.50,,
ManintheMoon & Friends,ManintheMoon & Friends,MM03,Anemone,Alt Art Card Set [3 copies],Artist Display,4,8.50,,
ManintheMoon & Friends,ManintheMoon & Friends,MM03-F,Anemone - Foil,Alt Art Card Set [3 copies],Artist Display,11,16.00,Foil,
ManintheMoon & Friends,ManintheMoon & Friends,MM04,Anoetic Void,Alt Art Card Set [3 copies],Artist Display,49,10.00,,
ManintheMoon & Friends,ManintheMoon & Friends,MM05,Arissana,Alt Art Card Single,Artist Display,24,8.50,,
ManintheMoon & Friends,ManintheMoon & Friends,MM05-F,Arissana - Foil,Alt Art Card Single,Artist Display,6,16.00,Foil,
ManintheMoon & Friends,ManintheMoon & Friends,MM06,Arruaceiras Crew,Alt Art Card Set [3 copies],Artist Display,1,8.50,,
ManintheMoon & Friends,ManintheMoon & Friends,MM07-F,AU Co. - Foil,Alt Art Card Single,Artist Display,3,16.00,Foil,
ManintheMoon & Friends,ManintheMoon & Friends,MM08,Audrey v2,Alt Art Card Set [3 copies],Artist Display,33,10.00,,
ManintheMoon & Friends,ManintheMoon & Friends,MM08-F,Audrey v2 - Foil,Alt Art Card Set [3 copies],Artist Display,16,18.00,Foil,
ManintheMoon & Friends,ManintheMoon & Friends,MM09,Bahia Bands,Alt Art Card Set [3 copies],Artist Display,3,10.00,,
ManintheMoon & Friends,ManintheMoon & Friends,MM10-F,Basalt Spire - Foil,Alt Art Card Set [3 copies],Artist Display,7,18.00,Foil,
ManintheMoon & Friends,ManintheMoon & Friends,MM11,Baz,Alt Art Card Single,Artist Display,18,8.50,,
ManintheMoon & Friends,ManintheMoon & Friends,MM12,Behold!,Alt Art Card Set [3 copies],Artist Display,17,10.00,,
ManintheMoon & Friends,ManintheMoon & Friends,MM12-F,Behold! - Foil,Alt Art Card Set [3 copies],Artist Display,6,18.00,Foil,
ManintheMoon & Friends,ManintheMoon & Friends,MM13,Bladderwort,Alt Art Card Set [3 copies],Artist Display,23,8.50,,
ManintheMoon & Friends,ManintheMoon & Friends,MM13-F,Bladderwort - Foil,Alt Art Card Set [3 copies],Artist Display,11,18.00,Foil,
ManintheMoon & Friends,ManintheMoon & Friends,MM14,Brân 1.0,Alt Art Card Set [3 copies],Artist Display,19,10.00,,
ManintheMoon & Friends,ManintheMoon & Friends,MM14-F,Brân 1.0 - Foil,Alt Art Card Set [3 copies],Artist Display,9,18.00,Foil,
ManintheMoon & Friends,ManintheMoon & Friends,MM15,Class Act (The),Alt Art Card Set [3 copies],Artist Display,27,10.00,,
ManintheMoon & Friends,ManintheMoon & Friends,MM16,Descent,Alt Art Card Set [3 copies],Artist Display,2,10.00,,
ManintheMoon & Friends,ManintheMoon & Friends,MM17-F,Doomscroll - Foil,Alt Art Card Set [3 copies],Artist Display,3,16.00,Foil,
ManintheMoon & Friends,ManintheMoon & Friends,MM18,Dr. Nuka,Alt Art Card Set [3 copies],Artist Display,37,10.00,,
ManintheMoon & Friends,ManintheMoon & Friends,MM18-F,Dr. Nuka - Foil,Alt Art Card Set [3 copies],Artist Display,13,18.00,Foil,
ManintheMoon & Friends,ManintheMoon & Friends,MM19,Élivágar Bifurcation,Alt Art Card Set [3 copies],Artist Display,11,8.50,,
ManintheMoon & Friends,ManintheMoon & Friends,MM20,Esa Dragon,Alt Art Card Single,Artist Display,41,8.50,,
ManintheMoon & Friends,ManintheMoon & Friends,MM21,Fermenter,Alt Art Card Set [3 copies],Artist Display,36,10.00,,
ManintheMoon & Friends,ManintheMoon & Friends,MM21-F,Fermenter - Foil,Alt Art Card Set [3 copies],Artist Display,13,18.00,Foil,
ManintheMoon & Friends,ManintheMoon & Friends,MM22,Flyswatter,Alt Art Card Set [3 copies],Artist Display,4,10.00,,
ManintheMoon & Friends,ManintheMoon & Friends,MM23-F,Flyswatter (yellow) - Foil,Alt Art Card Set [3 copies],Artist Display,8,18.00,Foil,
ManintheMoon & Friends,ManintheMoon & Friends,MM24-F,Fujii Asset Retrieval - Foil,Alt Art Card Set [3 copies],Artist Display,8,16.00,Foil,
ManintheMoon & Friends,ManintheMoon & Friends,MM25,GAMEDRAGON Pro,Alt Art Card Set [3 copies],Artist Display,,8.50,,
ManintheMoon & Friends,ManintheMoon & Friends,MM26,Hermes,Alt Art Card Set [3 copies],Artist Display,16,10.00,,
ManintheMoon & Friends,ManintheMoon & Friends,MM27,Hostile Architecture,Alt Art Card Set [3 copies],Artist Display,19,10.00,,
ManintheMoon & Friends,ManintheMoon & Friends,MM28,Loup,Alt Art Card Single,Artist Display,44,8.50,,
ManintheMoon & Friends,ManintheMoon & Friends,MM28-F,Loup - Foil,Alt Art Card Single,Artist Display,16,16.00,Foil,
ManintheMoon & Friends,ManintheMoon & Friends,MM29,Magdalene Dragon,Alt Art Card Single,Artist Display,38,8.50,,
ManintheMoon & Friends,ManintheMoon & Friends,MM30-F,Maskirovka - Foil,Alt Art Card Set [3 copies],Artist Display,13,16.00,Foil,
ManintheMoon & Friends,ManintheMoon & Friends,MM31,Moon Pool,Alt Art Card Set [3 copies],Artist Display,16,10.00,,
ManintheMoon & Friends,ManintheMoon & Friends,MM32,Muse,Alt Art Card Set [3 copies],Artist Display,38,10.00,,
ManintheMoon & Friends,ManintheMoon & Friends,MM32-F,Muse - Foil,Alt Art Card Set [3 copies],Artist Display,15,16.00,Foil,
ManintheMoon & Friends,ManintheMoon & Friends,MM33,MuslihaT,Alt Art Card Single,Artist Display,36,8.50,,
ManintheMoon & Friends,ManintheMoon & Friends,MM33-F,MuslihaT - Foil,Alt Art Card Single,Artist Display,20,16.00,Foil,
ManintheMoon & Friends,ManintheMoon & Friends,MM34-F,Next Big Thing - Foil,Alt Art Card Set [3 copies],Artist Display,11,16.00,Foil,
ManintheMoon & Friends,ManintheMoon & Friends,MM35,Nico Campaign,Alt Art Card Set [3 copies],Artist Display,23,10.00,,
ManintheMoon & Friends,ManintheMoon & Friends,MM35-F,Nico Campaign - Foil,Alt Art Card Set [3 copies],Artist Display,14,16.00,Foil,
ManintheMoon & Friends,ManintheMoon & Friends,MM36-F,Ob - Foil,Alt Art Card Single,Artist Display,8,16.00,Foil,
ManintheMoon & Friends,ManintheMoon & Friends,MM37-F,Open Market - Foil,Alt Art Card Set [3 copies],Artist Display,5,18.00,Foil,
ManintheMoon & Friends,ManintheMoon & Friends,MM38-F,Petty Cash - Foil,Alt Art Card Set [3 copies],Artist Display,12,18.00,Foil,
ManintheMoon & Friends,ManintheMoon & Friends,MM39-F,Phoenix (ElessarEllie) - Foil,Alt Art Card Single,Artist Display,3,16.00,Foil,
ManintheMoon & Friends,ManintheMoon & Friends,MM40,Phoenix Dragon,Alt Art Card Single,Artist Display,3,8.50,,
ManintheMoon & Friends,ManintheMoon & Friends,MM41,Ping,Alt Art Card Set [3 copies],Artist Display,16,10.00,,
ManintheMoon & Friends,ManintheMoon & Friends,MM41-F,Ping - Foil,Alt Art Card Set [3 copies],Artist Display,14,18.00,Foil,
ManintheMoon & Friends,ManintheMoon & Friends,MM42,Poétrï Luxury Brands,Alt Art Card Single,Artist Display,46,8.50,,
ManintheMoon & Friends,ManintheMoon & Friends,MM42-F,Poétrï Luxury Brands - Foil,Alt Art Card Single,Artist Display,14,16.00,Foil,
ManintheMoon & Friends,ManintheMoon & Friends,MM43,Precision Design,Alt Art Card Single,Artist Display,20,8.50,,
ManintheMoon & Friends,ManintheMoon & Friends,MM43-F,Precision Design - Foil,Alt Art Card Single,Artist Display,8,16.00,Foil,
ManintheMoon & Friends,ManintheMoon & Friends,MM44,Reaper Function,Alt Art Card Set [3 copies],Artist Display,16,16.00,,
ManintheMoon & Friends,ManintheMoon & Friends,MM45,Regolith Mining License,Alt Art Card Set [3 copies],Artist Display,17,10.00,,
ManintheMoon & Friends,ManintheMoon & Friends,MM45-F,Regolith Mining License - Foil,Alt Art Card Set [3 copies],Artist Display,19,18.00,Foil,
ManintheMoon & Friends,ManintheMoon & Friends,MM46,Restoring Humanity,Alt Art Card Single,Artist Display,5,8.50,,
ManintheMoon & Friends,ManintheMoon & Friends,MM47,Rising Tide,Alt Art Card Set [3 copies],Artist Display,10,8.50,,
ManintheMoon & Friends,ManintheMoon & Friends,MM48,Scatter Field,Alt Art Card Set [3 copies],Artist Display,18,10.00,,
ManintheMoon & Friends,ManintheMoon & Friends,MM48-F,Scatter Field - Foil,Alt Art Card Set [3 copies],Artist Display,11,18.00,Foil,
ManintheMoon & Friends,ManintheMoon & Friends,MM49,SDS Drone Deployment,Alt Art Card Set [3 copies],Artist Display,16,18.00,,
ManintheMoon & Friends,ManintheMoon & Friends,MM50,Semak-samun,Alt Art Card Set [3 copies],Artist Display,22,10.00,,
ManintheMoon & Friends,ManintheMoon & Friends,MM50-F,Semak-samun - Foil,Alt Art Card Set [3 copies],Artist Display,6,18.00,Foil,
ManintheMoon & Friends,ManintheMoon & Friends,MM51,Sleipnir,Alt Art Card Set [3 copies],Artist Display,16,10.00,,
ManintheMoon & Friends,ManintheMoon & Friends,MM52,Strike Fund,Alt Art Card Set [3 copies],Artist Display,27,10.00,,
ManintheMoon & Friends,ManintheMoon & Friends,MM52-F,Strike Fund - Foil,Alt Art Card Set [3 copies],Artist Display,4,18.00,Foil,
ManintheMoon & Friends,ManintheMoon & Friends,MM53,Telework Contract,Alt Art Card Set [3 copies],Artist Display,21,10.00,,
ManintheMoon & Friends,ManintheMoon & Friends,MM53-F,Telework Contract - Foil,Alt Art Card Set [3 copies],Artist Display,5,18.00,Foil,
ManintheMoon & Friends,ManintheMoon & Friends,MM54-F,Transfer of Wealth - Foil,Alt Art Card Set [3 copies],Artist Display,2,16.00,Foil,
ManintheMoon & Friends,ManintheMoon & Friends,MM55,Tree Line,Alt Art Card Set [3 copies],Artist Display,3,10.00,,
ManintheMoon & Friends,ManintheMoon & Friends,MM56,Tucana,Alt Art Card Set [3 copies],Artist Display,25,10.00,,
ManintheMoon & Friends,ManintheMoon & Friends,MM56-F,Tucana - Foil,Alt Art Card Set [3 copies],Artist Display,16,18.00,Foil,
ManintheMoon & Friends,ManintheMoon & Friends,MM57,Unity,Alt Art Card Set [3 copies],Artist Display,2,8.50,,
ManintheMoon & Friends,ManintheMoon & Friends,MM57-F,Unity - Foil,Alt Art Card Set [3 copies],Artist Display,15,18.00,Foil,
ManintheMoon & Friends,ManintheMoon & Friends,MM58,Zahya,Alt Art Card Single,Artist Display,18,14.00,,
ManintheMoon & Friends,ManintheMoon & Friends,MM59,Arissana - Acrylic ID,Other,Artist Display,9,16.50,Acrylic ID,
ManintheMoon & Friends,ManintheMoon & Friends,MM60,AU Co. - Acrylic ID,Other,Artist Display,4,16.50,Acrylic ID,
ManintheMoon & Friends,ManintheMoon & Friends,MM61,Epiphany - Acrylic ID,Other,Artist Display,5,16.50,Acrylic ID,
ManintheMoon & Friends,ManintheMoon & Friends,MM62,Esa Dragon - Acrylic ID,Other,Artist Display,3,16.50,Acrylic ID,
ManintheMoon & Friends,ManintheMoon & Friends,MM63,Magdalene Dragon - Acrylic ID,Other,Artist Display,7,16.50,Acrylic ID,
ManintheMoon & Friends,ManintheMoon & Friends,MM64,Ob - Acrylic ID,Other,Artist Display,2,16.50,Acrylic ID,
ManintheMoon & Friends,ManintheMoon & Friends,MM65,Phoenix Dragon - Acrylic ID,Other,Artist Display,3,16.50,Acrylic ID,
ManintheMoon & Friends,ManintheMoon & Friends,MM66,Precision Design - Acrylic ID,Other,Artist Display,8,16.50,Acrylic ID,
ManintheMoon & Friends,ManintheMoon & Friends,MM67,Restoring Humanity - Acrylic ID,Other,Artist Display,4,16.50,Acrylic ID,
ManintheMoon & Friends,ManintheMoon & Friends,MM68,Hand painted Acrylic IDs,Other,Merch Table,,75.00,"These IDs are laser cut acrylic, hand painted with Posca pens by Abraham, Ariel and some friends.",
ManintheMoon & Friends,ManintheMoon & Friends,MM69,Slate IDs (various - see merch table),Other,Merch Table,,75.00,"Laser cut slate IDs, made by Abraham (ManintheMoon)",
MTL Netrunner,MTL Netrunner,MTLMug,MTLNetrunner Coffee Mug,Other,Artist Display,11,26.00,,
Mr. Ellie,Elessar_Ellie,EE1,"Credit Buddies
Trickster Taka
Mystic Maemi
Paladin Poemu
Fencer Fueno
Keiko
The Twinning",Alt Art Card Set [Other],Artist Display,,50.00,"Trickster Taka
Mystic Maemi
Paladin Poemu
Fencer Fueno
Keiko
The Twinning",
Mr. Ellie,Elessar_Ellie,EE2,"Zodiac Corp Bundle
A Teia: IP Recovery (Zodiac)
BANGUN: When Disaster Strikes (Zodiac)
Weyland Consortium: Built to Last (Zodiac)
Epiphany Analytica: Nations Undivided (Zodiac)
Haas-Bioroid: Precision Design (Zodiac)
Issuaq Adaptics (Zodiac)
Jinteki: Restoring Humanity (Zodiac)
LEO Construction: Labor Solutions (Zodiac)
MirrorMorph: Endless Iteration (Zodiac)
NBN: Reality Plus (Zodiac)
Nuvem SA: Law of the Land (Zodiac)
Pravdivost Consulting: Political Solutions (Zodiac)",Alt Art Card Set [Other],Artist Display,,75.00,"A Teia: IP Recovery (Zodiac)
BANGUN: When Disaster Strikes (Zodiac)
Weyland Consortium: Built to Last (Zodiac)
Epiphany Analytica: Nations Undivided (Zodiac)
Haas-Bioroid: Precision Design (Zodiac)
Issuaq Adaptics (Zodiac)
Jinteki: Restoring Humanity (Zodiac)
LEO Construction: Labor Solutions (Zodiac)
MirrorMorph: Endless Iteration (Zodiac)
NBN: Reality Plus (Zodiac)
Nuvem SA: Law of the Land (Zodiac)
Pravdivost Consulting: Political Solutions (Zodiac)",
Mr. Ellie,Elessar_Ellie,EE3,"Zodiac Runner Bundle
Hoshiko Shiro: Untold Protagonist (Zodiac)
Arissana Rocha Nahu: Street Artist (Zodiac)
Barry “Baz” Wong: Tri-Maf Veteran (Zodiac)
Esâ Afontov: Eco-Insurrectionist (Zodiac)
Lat: Ethical Freelancer (Zodiac)
René “Loup” Arcemont: Party Animal (Zodiac)
Magdalene Keino-Chemutai: Cryptarchitect (Zodiac)
Mercury: Chrome Libertador (Zodiac)
Captain Padma Isbister: Intrepid Explorer (Zodiac)
Nyusha """"Sable"""" Sintashta: Symphonic Prodigy (Zodiac)
Topan: Ormas Leader (Zodiac)
Zahya Sadeghi: Versatile Smuggler (Zodiac)",Alt Art Card Set [Other],Artist Display,,75.00,"Hoshiko Shiro: Untold Protagonist (Zodiac)
Arissana Rocha Nahu: Street Artist (Zodiac)
Barry “Baz” Wong: Tri-Maf Veteran (Zodiac)
Esâ Afontov: Eco-Insurrectionist (Zodiac)
Lat: Ethical Freelancer (Zodiac)
René “Loup” Arcemont: Party Animal (Zodiac)
Magdalene Keino-Chemutai: Cryptarchitect (Zodiac)
Mercury: Chrome Libertador (Zodiac)
Captain Padma Isbister: Intrepid Explorer (Zodiac)
Nyusha ""Sable"" Sintashta: Symphonic Prodigy (Zodiac)
Topan: Ormas Leader (Zodiac)
Zahya Sadeghi: Versatile Smuggler (Zodiac)",
Mr. Ellie,Elessar_Ellie,EE4,"Daily Casts Mix&Match
Daily Bats
Daily Cats
Daily Foxes
Daily Dogs",Alt Art Card Set [3 copies],Merch Table,,10.00,"Daily Bats
Daily Cats
Daily Foxes
Daily Dogs",
Mr. Ellie,Elessar_Ellie,EE5,"Scatterfield Mix&Match
Scatter Field Tower
Scatter Field Evil
Scartter Field Outpost",Alt Art Card Set [3 copies],Merch Table,,10.00,"Scatter Field Tower
Scatter Field Evil
Scartter Field Outpost",
Mr. Ellie,MR.,EE6,"Harmonics Ice Set
bloop
echo
pulse
wave",Alt Art Card Set [Other],Artist Display,,30.00,"bloop
echo
pulse
wave",
Mr. Ellie,MR.Ellie,EE7,"MR. Ellie Booster Pack
Selections of Mystery Booster Packs including: 
4x MR.Ellie Playsets
2x MR.Ellie IDs
2x Manuel Pronoun IDs",Alt Art Card Set [Other],Other,,35.00,"Selections of Mystery Booster Packs with the following in it: 

4x MR.Ellie Playsets
2x MR.Ellie IDs
2x Manuel Pronoun IDs",
Mr. Ellie,Elessar_Ellie,EE8,Trickster Taka,Alt Art Card Set [3 copies],Artist Display,,10.00,,
Mr. Ellie,Elessar_Ellie,EE9,Mystic Maemi,Alt Art Card Set [3 copies],Artist Display,,10.00,,
Mr. Ellie,Elessar_Ellie,EE10,Paladin Poemu,Alt Art Card Set [3 copies],Artist Display,,10.00,,
Mr. Ellie,Elessar_Ellie,EE11,Fencer Fueno,Alt Art Card Set [3 copies],Artist Display,,10.00,,
Mr. Ellie,Elessar_Ellie,EE12,Keiko,Alt Art Card Set [3 copies],Artist Display,,10.00,,
Mr. Ellie,Elessar_Ellie,EE13,The Twinning,Alt Art Card Set [3 copies],Artist Display,,10.00,,
Mr. Ellie,MR.Ellie,EE14,Let Them Dream,Alt Art Card Set [3 copies],Artist Display,,10.00,,
Mr. Ellie,Elessar_Ellie,EE15,Blood in the Water,Alt Art Card Set [3 copies],Artist Display,,10.00,,
Mr. Ellie,Elessar_Ellie,EE16,Next Big Thing,Alt Art Card Set [3 copies],Artist Display,,10.00,,
Mr. Ellie,MR.,EE17,Embedded Reporting,Alt Art Card Set [3 copies],Artist Display,,10.00,,
Mr. Ellie,Elessar_Ellie,EE18,Fujii Asset Retrieval,Alt Art Card Set [3 copies],Artist Display,,10.00,,
Mr. Ellie,MR.,EE19,Greenmail,Alt Art Card Set [3 copies],Artist Display,,10.00,,
Mr. Ellie,MR.,EE20,Off The Books,Alt Art Card Set [3 copies],Artist Display,,10.00,,
Mr. Ellie,MR.,EE21,Oracle Thinktank,Alt Art Card Set [3 copies],Artist Display,,10.00,,
Mr. Ellie,MR.,EE22,Send A Message,Alt Art Card Set [3 copies],Artist Display,,10.00,,
Mr. Ellie,MR.,EE23,Sericulture Expansion,Alt Art Card Set [3 copies],Artist Display,,10.00,,
Mr. Ellie,MR.Ellie,EE24,Byte!,Alt Art Card Set [3 copies],Artist Display,,10.00,,
Mr. Ellie,Elessar_Ellie,EE25,Plutus,Alt Art Card Set [3 copies],Artist Display,,10.00,,
Mr. Ellie,MR.,EE26,Nightmare Archives,Alt Art Card Set [3 copies],Artist Display,,10.00,,
Mr. Ellie,MR.,EE27,Anthill,Alt Art Card Set [3 copies],Artist Display,,10.00,,
Mr. Ellie,MR.,EE28,Balance Coverage,Alt Art Card Set [3 copies],Artist Display,,10.00,,
Mr. Ellie,MR.,EE29,Behold!,Alt Art Card Set [3 copies],Artist Display,,10.00,,
Mr. Ellie,MR.,EE30,Charlotte Caçador ,Alt Art Card Set [3 copies],Artist Display,,10.00,,
Mr. Ellie,Elessar_Ellie,EE31,Bladderwort,Alt Art Card Set [3 copies],Artist Display,,10.00,,
Mr. Ellie,Elessar_Ellie,EE32,Hearts and minds,Alt Art Card Set [3 copies],Artist Display,,10.00,,
Mr. Ellie,Elessar_Ellie,EE33,Otto Campaign,Alt Art Card Set [3 copies],Artist Display,,10.00,,
Mr. Ellie,Elessar_Ellie,EE34,Phật Gioan Baotixita ,Alt Art Card Set [3 copies],Artist Display,,10.00,,
Mr. Ellie,Elessar_Ellie,EE35,Spin Doctor,Alt Art Card Set [3 copies],Artist Display,,10.00,,
Mr. Ellie,MR.,EE36,Bravado,Alt Art Card Set [3 copies],Artist Display,,10.00,,
Mr. Ellie,MR.,EE37,Carpe Diem,Alt Art Card Set [3 copies],Artist Display,,10.00,,
Mr. Ellie,MR.,EE38,Charm Offensive,Alt Art Card Set [3 copies],Artist Display,,10.00,,
Mr. Ellie,MR.,EE39,Clean Getaway,Alt Art Card Set [3 copies],Artist Display,,10.00,,
Mr. Ellie,MR.,EE40,Illumination,Alt Art Card Set [3 copies],Artist Display,,10.00,,
Mr. Ellie,MR.,EE41,Maintenance Access,Alt Art Card Set [3 copies],Artist Display,,10.00,,
Mr. Ellie,MR.,EE42,Spark of Inspiration,Alt Art Card Set [3 copies],Artist Display,,10.00,,
Mr. Ellie,MR.,EE43,The Price,Alt Art Card Set [3 copies],Artist Display,,10.00,,
Mr. Ellie,MR.Ellie,EE44,Tread Lightly,Alt Art Card Set [3 copies],Artist Display,,10.00,,
Mr. Ellie,Elessar_Ellie,EE45,Jailbreak,Alt Art Card Set [3 copies],Artist Display,,10.00,,
Mr. Ellie,Elessar_Ellie,EE46,Blueberry Diesel,Alt Art Card Set [3 copies],Artist Display,,10.00,,
Mr. Ellie,Elessar_Ellie,EE47,Eye for an Eye,Alt Art Card Set [3 copies],Artist Display,,10.00,,
Mr. Ellie,Elessar_Ellie,EE48,Finality,Alt Art Card Set [3 copies],Artist Display,,10.00,,
Mr. Ellie,Elessar_Ellie,EE49,Lie Low,Alt Art Card Set [3 copies],Artist Display,,10.00,,
Mr. Ellie,Elessar_Ellie,EE50,Raindrops Cut Stone,Alt Art Card Set [3 copies],Artist Display,,10.00,,
Mr. Ellie,Elessar_Ellie,EE51,Shred Music,Alt Art Card Set [3 copies],Artist Display,,10.00,,
Mr. Ellie,MR.,EE52,Shred,Alt Art Card Set [3 copies],Artist Display,,10.00,,
Mr. Ellie,Elessar_Ellie,EE53,Sure Gamble,Alt Art Card Set [3 copies],Artist Display,,10.00,,
Mr. Ellie,Elessar_Ellie,EE54,Vrcation,Alt Art Card Set [3 copies],Artist Display,,10.00,,
Mr. Ellie,MR.,EE55,Transfer of Wealth,Alt Art Card Set [3 copies],Artist Display,,10.00,,
Mr. Ellie,Elessar_Ellie,EE56,Ritual,Alt Art Card Set [3 copies],Artist Display,,10.00,,
Mr. Ellie,MR.,EE57,Madani,Alt Art Card Set [3 copies],Artist Display,,10.00,,
Mr. Ellie,MR.,EE58,Alarm Clock,Alt Art Card Set [3 copies],Artist Display,,10.00,,
Mr. Ellie,MR.,EE59,Jeitinho,Alt Art Card Set [3 copies],Artist Display,,10.00,,
Mr. Ellie,MR.,EE60,Pennyshaver,Alt Art Card Set [3 copies],Artist Display,,10.00,,
Mr. Ellie,MR.Ellie,EE61,Hermes,Alt Art Card Set [3 copies],Artist Display,,10.00,,
Mr. Ellie,MR.Ellie,EE62,Lilypad,Alt Art Card Set [3 copies],Artist Display,,10.00,,
Mr. Ellie,Elessar_Ellie,EE63,Bling,Alt Art Card Set [3 copies],Artist Display,,10.00,,
Mr. Ellie,Elessar_Ellie,EE64,Buffer Drive,Alt Art Card Set [3 copies],Artist Display,,10.00,,
Mr. Ellie,Elessar_Ellie,EE65,Catalouger,Alt Art Card Set [3 copies],Artist Display,,10.00,,
Mr. Ellie,Elessar_Ellie,EE66,Ghosttounge,Alt Art Card Set [3 copies],Artist Display,,10.00,,
Mr. Ellie,Elessar_Ellie,EE67,Marrow,Alt Art Card Set [3 copies],Artist Display,,10.00,,
Mr. Ellie,Elessar_Ellie,EE68,Keiko Chibi,Alt Art Card Set [3 copies],Artist Display,,10.00,,
Mr. Ellie,MR.,EE69,Bloop,Alt Art Card Set [3 copies],Artist Display,,10.00,,
Mr. Ellie,MR.,EE70,Capacitor,Alt Art Card Set [3 copies],Artist Display,,10.00,,
Mr. Ellie,MR.,EE71,Echo,Alt Art Card Set [3 copies],Artist Display,,10.00,,
Mr. Ellie,MR.,EE72,Flyswatter,Alt Art Card Set [3 copies],Artist Display,,10.00,,
Mr. Ellie,MR.,EE73,Hammer,Alt Art Card Set [3 copies],Artist Display,,10.00,,
Mr. Ellie,MR.,EE74,Kessleroid,Alt Art Card Set [3 copies],Artist Display,,10.00,,
Mr. Ellie,MR.,EE75,Paywall,Alt Art Card Set [3 copies],Artist Display,,10.00,,
Mr. Ellie,MR.,EE76,Pulse,Alt Art Card Set [3 copies],Artist Display,,10.00,,
Mr. Ellie,MR.,EE77,Wave,Alt Art Card Set [3 copies],Artist Display,,10.00,,
Mr. Ellie,Elessar_Ellie,EE78,Logjam,Alt Art Card Set [3 copies],Artist Display,,10.00,,
Mr. Ellie,MR.Ellie,EE79,Semak Samun,Alt Art Card Set [3 copies],Artist Display,,10.00,,
Mr. Ellie,Elessar_Ellie,EE80,Ansel 2.0,Alt Art Card Set [3 copies],Artist Display,,10.00,,
Mr. Ellie,Elessar_Ellie,EE81,Biawak,Alt Art Card Set [3 copies],Artist Display,,10.00,,
Mr. Ellie,Elessar_Ellie,EE82,Cloudeater,Alt Art Card Set [3 copies],Artist Display,,10.00,,
Mr. Ellie,Elessar_Ellie,EE83,Knowledge Seeker,Alt Art Card Set [3 copies],Artist Display,,10.00,,
Mr. Ellie,Elessar_Ellie,EE84,Mycoweb,Alt Art Card Set [3 copies],Artist Display,,10.00,,
Mr. Ellie,MR.,EE85,Ping,Alt Art Card Set [3 copies],Artist Display,,10.00,,
Mr. Ellie,Elessar_Ellie,EE86,Piranhas,Alt Art Card Set [3 copies],Artist Display,,10.00,,
Mr. Ellie,Elessar_Ellie,EE87,Rime,Alt Art Card Set [3 copies],Artist Display,,10.00,,
Mr. Ellie,Elessar_Ellie,EE88,Saisent(f)an,Alt Art Card Set [3 copies],Artist Display,,10.00,,
Mr. Ellie,Elessar_Ellie,EE89,Seraph,Alt Art Card Set [3 copies],Artist Display,,10.00,,
Mr. Ellie,MR.,EE90,Syailendra ,Alt Art Card Set [3 copies],Artist Display,,10.00,,
Mr. Ellie,MR.,EE91,Treeline,Alt Art Card Set [3 copies],Artist Display,,10.00,,
Mr. Ellie,Elessar_Ellie,EE92,Anemone,Alt Art Card Set [3 copies],Artist Display,,10.00,,
Mr. Ellie,Elessar_Ellie,EE93,Doomscroll,Alt Art Card Set [3 copies],Artist Display,,10.00,,
Mr. Ellie,Elessar_Ellie,EE94,Scatter Field Tower,Alt Art Card Set [3 copies],Artist Display,,10.00,,
Mr. Ellie,Elessar_Ellie,EE95,Scatter Field Evil,Alt Art Card Set [3 copies],Artist Display,,10.00,,
Mr. Ellie,Elessar_Ellie,EE96,Scartter Field Outpost,Alt Art Card Set [3 copies],Artist Display,,10.00,,
Mr. Ellie,Elessar_Ellie,EE97,Orca,Alt Art Card Set [3 copies],Artist Display,,10.00,,
Mr. Ellie,Elessar_Ellie,EE98,Banner,Alt Art Card Set [3 copies],Artist Display,,10.00,,
Mr. Ellie,Elessar_Ellie,EE99,Principia,Alt Art Card Set [3 copies],Artist Display,,10.00,,
Mr. Ellie,Elessar_Ellie,EE100,Audrey 2.0,Alt Art Card Set [3 copies],Artist Display,,10.00,,
Mr. Ellie,Elessar_Ellie,EE101,Banner Bisexual,Alt Art Card Set [3 copies],Artist Display,,10.00,,
Mr. Ellie,Elessar_Ellie,EE102,Banner Gay,Alt Art Card Set [3 copies],Artist Display,,10.00,,
Mr. Ellie,Elessar_Ellie,EE103,Banner Lesbian,Alt Art Card Set [3 copies],Artist Display,,10.00,,
Mr. Ellie,Elessar_Ellie,EE104,Banner LGBTQIA+,Alt Art Card Set [3 copies],Artist Display,,10.00,,
Mr. Ellie,Elessar_Ellie,EE105,Begemot,Alt Art Card Set [3 copies],Artist Display,,10.00,,
Mr. Ellie,Elessar_Ellie,EE106,Botulus,Alt Art Card Set [3 copies],Artist Display,,10.00,,
Mr. Ellie,Elessar_Ellie,EE107,Chromatophores,Alt Art Card Set [3 copies],Artist Display,,10.00,,
Mr. Ellie,Elessar_Ellie,EE108,Corsair,Alt Art Card Set [3 copies],Artist Display,,10.00,,
Mr. Ellie,Elessar_Ellie,EE109,Hantu,Alt Art Card Set [3 copies],Artist Display,,10.00,,
Mr. Ellie,Elessar_Ellie,EE110,Heliamphora,Alt Art Card Set [3 copies],Artist Display,,10.00,,
Mr. Ellie,Elessar_Ellie,EE111,Sang Kancil,Alt Art Card Set [3 copies],Artist Display,,10.00,,
Mr. Ellie,Elessar_Ellie,EE112,Leech,Alt Art Card Set [3 copies],Artist Display,,10.00,,
Mr. Ellie,Elessar_Ellie,EE113,Cezve,Alt Art Card Set [3 copies],Artist Display,,10.00,,
Mr. Ellie,MR.,EE114,Gourmand,Alt Art Card Set [3 copies],Artist Display,,10.00,,
Mr. Ellie,Elessar_Ellie,EE115,Coalescence,Alt Art Card Set [3 copies],Artist Display,,10.00,,
Mr. Ellie,Elessar_Ellie,EE116,Rising Tide,Alt Art Card Set [3 copies],Artist Display,,10.00,,
Mr. Ellie,Elessar_Ellie,EE117,Self Modifying Code,Alt Art Card Set [3 copies],Artist Display,,10.00,,
Mr. Ellie,MR.,EE118,Side Hustle,Alt Art Card Set [3 copies],Artist Display,,10.00,,
Mr. Ellie,Elessar_Ellie,EE119,Arruaceiras Crew ,Alt Art Card Set [3 copies],Artist Display,,10.00,,
Mr. Ellie,Elessar_Ellie,EE120,“Knickknack” O’Brian,Alt Art Card Set [3 copies],Artist Display,,10.00,,
Mr. Ellie,Elessar_Ellie,EE121,Twinning Mirror,Alt Art Card Set [3 copies],Artist Display,,10.00,,
Mr. Ellie,Elessar_Ellie,EE122,Fencer Chibi,Alt Art Card Set [3 copies],Artist Display,,10.00,,
Mr. Ellie,Elessar_Ellie,EE123,Maemi Chibi,Alt Art Card Set [3 copies],Artist Display,,10.00,,
Mr. Ellie,Elessar_Ellie,EE124,Paladin Chibi,Alt Art Card Set [3 copies],Artist Display,,10.00,,
Mr. Ellie,Elessar_Ellie,EE125,Taka Chibi,Alt Art Card Set [3 copies],Artist Display,,10.00,,
Mr. Ellie,Elessar_Ellie,EE126,Daily Bats,Alt Art Card Set [3 copies],Artist Display,,10.00,,
Mr. Ellie,Elessar_Ellie,EE127,Daily Cats,Alt Art Card Set [3 copies],Artist Display,,10.00,,
Mr. Ellie,Elessar_Ellie,EE128,Daily Foxes,Alt Art Card Set [3 copies],Artist Display,,10.00,,
Mr. Ellie,Elessar_Ellie,EE129,Daily Dogs,Alt Art Card Set [3 copies],Artist Display,,10.00,,
Mr. Ellie,Elessar_Ellie,EE130,Open Market,Alt Art Card Set [3 copies],Artist Display,,10.00,,
Mr. Ellie,Elessar_Ellie,EE131,Stoneship,Alt Art Card Set [3 copies],Artist Display,,10.00,,
Mr. Ellie,Elessar_Ellie,EE132,Dr. Nuka Vrolyck ,Alt Art Card Set [3 copies],Artist Display,,10.00,,
Mr. Ellie,MR.,EE133,end of the line,Alt Art Card Set [3 copies],Artist Display,,10.00,,
Mr. Ellie,MR.,EE134,flood the market,Alt Art Card Set [3 copies],Artist Display,,10.00,,
Mr. Ellie,MR.,EE135,IP enforcement,Alt Art Card Set [3 copies],Artist Display,,10.00,,
Mr. Ellie,Elessar_Ellie,EE136,kakurenbo,Alt Art Card Set [3 copies],Artist Display,,10.00,,
Mr. Ellie,MR.,EE137,peer review,Alt Art Card Set [3 copies],Artist Display,,10.00,,
Mr. Ellie,Elessar_Ellie,EE138,Measured response Duck,Alt Art Card Set [3 copies],Artist Display,,10.00,,
Mr. Ellie,MR.,EE139,measured response,Alt Art Card Set [3 copies],Artist Display,,10.00,,
Mr. Ellie,MR.Ellie,EE140,nanomanagement,Alt Art Card Set [3 copies],Artist Display,,10.00,,
Mr. Ellie,MR.,EE141,greasing the palm,Alt Art Card Set [3 copies],Artist Display,,10.00,,
Mr. Ellie,Elessar_Ellie,EE142,hedge fund,Alt Art Card Set [3 copies],Artist Display,,10.00,,
Mr. Ellie,Elessar_Ellie,EE143,neurospike,Alt Art Card Set [3 copies],Artist Display,,10.00,,
Mr. Ellie,MR.,EE144,amaze amusements,Alt Art Card Set [3 copies],Artist Display,,10.00,,
Mr. Ellie,MR.,EE145,makhota,Alt Art Card Set [3 copies],Artist Display,,10.00,,
Mr. Ellie,MR.,EE146,mitra aman,Alt Art Card Set [3 copies],Artist Display,,10.00,,
Mr. Ellie,Elessar_Ellie,EE147,djupstat grid,Alt Art Card Set [3 copies],Artist Display,,10.00,,
Mr. Ellie,MR.,EE148,holoman,Alt Art Card Set [3 copies],Artist Display,,10.00,,
Mr. Ellie,Elessar_Ellie,EE149,A Teia: IP Recovery (Zodiac),Alt Art Card Single,Artist Display,,7.00,,
Mr. Ellie,Elessar_Ellie,EE150,BANGUN: When Disaster Strikes (Zodiac),Alt Art Card Single,Artist Display,,7.00,,
Mr. Ellie,Elessar_Ellie,EE151,Weyland Consortium: Built to Last (Zodiac),Alt Art Card Single,Artist Display,,7.00,,
Mr. Ellie,Elessar_Ellie,EE152,Epiphany Analytica: Nations Undivided (Zodiac),Alt Art Card Single,Artist Display,,7.00,,
Mr. Ellie,Elessar_Ellie,EE153,Haas-Bioroid: Precision Design (Zodiac),Alt Art Card Single,Artist Display,,7.00,,
Mr. Ellie,Elessar_Ellie,EE154,Issuaq Adaptics (Zodiac),Alt Art Card Single,Artist Display,,7.00,,
Mr. Ellie,Elessar_Ellie,EE155,Jinteki: Restoring Humanity (Zodiac),Alt Art Card Single,Artist Display,,7.00,,
Mr. Ellie,Elessar_Ellie,EE156,LEO Construction: Labor Solutions (Zodiac),Alt Art Card Single,Artist Display,,7.00,,
Mr. Ellie,Elessar_Ellie,EE157,MirrorMorph: Endless Iteration (Zodiac),Alt Art Card Single,Artist Display,,7.00,,
Mr. Ellie,Elessar_Ellie,EE158,NBN: Reality Plus (Zodiac),Alt Art Card Single,Artist Display,,7.00,,
Mr. Ellie,Elessar_Ellie,EE159,Nuvem SA: Law of the Land (Zodiac),Alt Art Card Single,Artist Display,,7.00,,
Mr. Ellie,Elessar_Ellie,EE160,Pravdivost Consulting: Political Solutions (Zodiac),Alt Art Card Single,Artist Display,,7.00,,
Mr. Ellie,Elessar_Ellie,EE161,Nebula Talent Management: Making Stars ,Alt Art Card Single,Artist Display,,7.00,,
Mr. Ellie,MR.Ellie,EE162,Poétrï Luxury Brands: All the Rage ,Alt Art Card Single,Artist Display,,7.00,,
Mr. Ellie,MR.,EE163,A Teia: IP Recovery,Alt Art Card Single,Artist Display,,7.00,,
Mr. Ellie,Elessar_Ellie,EE164,AU Co.: The Gold Standard in Clones ,Alt Art Card Single,Artist Display,,7.00,,
Mr. Ellie,MR.,EE165,BANGUN: When Disaster Strikes,Alt Art Card Single,Artist Display,,7.00,,
Mr. Ellie,Elessar_Ellie,EE166,Epiphany Analytica: Nations Undivided,Alt Art Card Single,Artist Display,,7.00,,
Mr. Ellie,Elessar_Ellie,EE167,Synapse Global: Faster than Thought ,Alt Art Card Single,Artist Display,,7.00,,
Mr. Ellie,Elessar_Ellie,EE168,Thule Subsea: Safety Below ,Alt Art Card Single,Artist Display,,7.00,,
Mr. Ellie,Elessar_Ellie,EE169,Thunderbolt Armaments: Peace Through Power ,Alt Art Card Single,Artist Display,,7.00,,
Mr. Ellie,Elessar_Ellie,EE170,The Zwicky Group: Invisible Hands ,Alt Art Card Single,Artist Display,,7.00,,
Mr. Ellie,Elessar_Ellie,EE171,Hoshiko Shiro: Untold Protagonist (Zodiac),Alt Art Card Single,Artist Display,,7.00,,
Mr. Ellie,Elessar_Ellie,EE172,Arissana Rocha Nahu: Street Artist (Zodiac),Alt Art Card Single,Artist Display,,7.00,,
Mr. Ellie,Elessar_Ellie,EE173,Barry “Baz” Wong: Tri-Maf Veteran (Zodiac),Alt Art Card Single,Artist Display,,7.00,,
Mr. Ellie,Elessar_Ellie,EE174,Esâ Afontov: Eco-Insurrectionist (Zodiac),Alt Art Card Single,Artist Display,,7.00,,
Mr. Ellie,Elessar_Ellie,EE175,Lat: Ethical Freelancer (Zodiac),Alt Art Card Single,Artist Display,,7.00,,
Mr. Ellie,Elessar_Ellie,EE176,René “Loup” Arcemont: Party Animal (Zodiac),Alt Art Card Single,Artist Display,,7.00,,
Mr. Ellie,Elessar_Ellie,EE177,Magdalene Keino-Chemutai: Cryptarchitect (Zodiac),Alt Art Card Single,Artist Display,,7.00,,
Mr. Ellie,Elessar_Ellie,EE178,Mercury: Chrome Libertador (Zodiac),Alt Art Card Single,Artist Display,,7.00,,
Mr. Ellie,Elessar_Ellie,EE179,Captain Padma Isbister: Intrepid Explorer (Zodiac),Alt Art Card Single,Artist Display,,7.00,,
Mr. Ellie,Elessar_Ellie,EE180,"Nyusha ""Sable"" Sintashta: Symphonic Prodigy (Zodiac)",Alt Art Card Single,Artist Display,,7.00,,
Mr. Ellie,Elessar_Ellie,EE181,Topan: Ormas Leader (Zodiac),Alt Art Card Single,Artist Display,,7.00,,
Mr. Ellie,Elessar_Ellie,EE182,Zahya Sadeghi: Versatile Smuggler (Zodiac),Alt Art Card Single,Artist Display,,7.00,,
Mr. Ellie,Elessar_Ellie,EE183,Dewi Subrotoputri: Pedagogical Dhalang ,Alt Art Card Single,Artist Display,,7.00,,
Mr. Ellie,Elessar_Ellie,EE184,Barry “Baz” Wong: Tri-Maf Veteran,Alt Art Card Single,Artist Display,,7.00,,
Mr. Ellie,Elessar_Ellie,EE185,Magdalene Keino-Chemutai: Cryptarchitect,Alt Art Card Single,Artist Display,,7.00,,
Mr. Ellie,Elessar_Ellie,EE186,Ryō “Phoenix” Ōno: Out of the Ashes ,Alt Art Card Single,Artist Display,,7.00,,
Mr. Ellie,Elessar_Ellie,EE187,Topan: Ormas Leader,Alt Art Card Single,Artist Display,,7.00,,
Mr. Ellie,Elessar_Ellie,EE188,Hiram “0mission” Svensson: Shadow of the Past ,Alt Art Card Single,Artist Display,,7.00,,
Mr. Ellie,Elessar_Ellie,EE189,MuslihaT: Multifarious Marketeer ,Alt Art Card Single,Artist Display,,7.00,,
Mr. Ellie,Elessar_Ellie,EE190,Luminal Transubstantiation,Alt Art Card Single,Artist Display,,7.00,,
Mr. Ellie,Elessar_Ellie,EE191,Red Level Clearance ,Alt Art Card Set [3 copies],Artist Display,,10.00,,
Mr. Ellie,Elessar_Ellie,EE192,Hoshiko Shiro: Untold Protagonist,Alt Art Card Single,Artist Display,,7.00,,
Mr. Ellie,MR.,EE193,Bass CH1R180G4 ,Alt Art Card Set [3 copies],Artist Display,,10.00,,
Neon Static,Neon Static,NS1,Foil Cohort Guidance Program by Brindelmold,Alt Art Card Set [3 copies],Artist Display,15,15.00,,
Neon Static,Neon Static,NS2,Cohort Guidance Program by Brindelmold,Alt Art Card Set [3 copies],Artist Display,60,10.00,,
Neon Static,Neon Static,NS3,Bravado by Adam S. Doyle,Alt Art Card Set [3 copies],Artist Display,20,10.00,,
nervousnightjar,nervousnightjar,NNJ01,Bravado,Alt Art Card Set [3 copies],Artist Display,,10.00,,
nervousnightjar,nervousnightjar,NNJ02,La Costa Grid,Alt Art Card Set [3 copies],Artist Display,,10.00,,
nervousnightjar,nervousnightjar,NNJ03,Petty Cash,Alt Art Card Set [3 copies],Artist Display,,10.00,,
nervousnightjar,nervousnightjar,NNJ04,Coalescence,Alt Art Card Set [3 copies],Artist Display,,10.00,,
nervousnightjar,nervousnightjar,NNJ05,Moon Pool,Alt Art Card Set [3 copies],Artist Display,,10.00,,
nervousnightjar,nervousnightjar,NNJ06,Swift,Alt Art Card Set [3 copies],Artist Display,,10.00,,
nervousnightjar,nervousnightjar,NNJ07,Hedge Fund,Alt Art Card Set [3 copies],Artist Display,,10.00,,
nervousnightjar,nervousnightjar,NNJ08,Let Them Dream,Alt Art Card Set [3 copies],Artist Display,,10.00,,
nervousnightjar,nervousnightjar,NNJ09,Hansei Review,Alt Art Card Set [3 copies],Artist Display,,10.00,,
nervousnightjar,nervousnightjar,NNJ10,Public Access Plaza,Alt Art Card Set [3 copies],Artist Display,,10.00,,
nervousnightjar,nervousnightjar,NNJ11,Funhouse,Alt Art Card Set [3 copies],Artist Display,,10.00,,
nervousnightjar,nervousnightjar,NNJ12,Clean Getaway,Alt Art Card Set [3 copies],Artist Display,,10.00,,
nervousnightjar,nervousnightjar,NNJ13,Articificial Cryptocrash,Alt Art Card Set [3 copies],Artist Display,,10.00,,
nervousnightjar,nervousnightjar,NNJ14,The Tungsten Tailor,Alt Art Card Set [3 copies],Artist Display,,8.00,,
nervousnightjar,nervousnightjar,NNJ15,Dr. Nuka Vrolyck,Alt Art Card Set [3 copies],Artist Display,,10.00,,
nervousnightjar,nervousnightjar,NNJ101,Various Art A3 Print,Art Print,Merch Table,,15.00,,
nervousnightjar,nervousnightjar,NNJ102,"Plotter Printed ""Let them Dream"" A3 Print",Art Print,Merch Table,,25.00,,
Null Signal Games,Null Signal Games,NSG1,Worlds 26 sticker,Sticker,Merch Table,99,1.00,,
Null Signal Games,Null Signal Games,NSG2,HB Tuque (Only Available Sunday),Apparel,Merch Table,2,35.00,DO NOT SELL/LIST THESE UNTIL SUNDAY. They may or may not be available as these are extras in case anything goes wrong with existing sales from eventbrite,
Null Signal Games,Null Signal Games,NSG3,Jinteki Tuque (Only Available Sunday),Apparel,Merch Table,2,35.00,,
Null Signal Games,Null Signal Games,NSG4,NBN Tuque (Only Available Sunday),Apparel,Merch Table,2,35.00,,
Null Signal Games,Null Signal Games,NSG5,Weyland Tuque (Only Available Sunday),Apparel,Merch Table,2,35.00,,
Null Signal Games,Null Signal Games,NSG6,Run Together 2026,Alt Art Card Set [Other],Merch Table,33,43.00,,
Null Signal Games,Null Signal Games,NSG7,SHTR Playmat,Accessory,Merch Table,10,35.00,,
Null Signal Games,Null Signal Games,NSG8,System Gateway,Other,Merch Table,10,56.00,,
Null Signal Games,Null Signal Games,NSG9,Elevation,Other,Merch Table,4,56.00,,
Null Signal Games,Null Signal Games,NSG10,Vantage Point,Other,Merch Table,4,56.00,,
Null Signal Games,Null Signal Games,NSG11,Rebellion Without Rhearsal,Other,Merch Table,4,56.00,,
Null Signal Games,Null Signal Games,NSG12,The Automata Initiative,Other,Merch Table,4,56.00,,
Null Signal Games,Null Signal Games,NSG13,Midnight Sun,Other,Merch Table,4,56.00,,
Null Signal Games,Null Signal Games,NSG14,Parhelion,Other,Merch Table,4,56.00,,
Null Signal Games,Null Signal Games,NSG15,Downfall,Other,Merch Table,4,56.00,,
Null Signal Games,Null Signal Games,NSG16,Uprising,Other,Merch Table,4,56.00,,
Null Signal Games,Null Signal Games,NSG17,2024 Q3 GNK,Other,Merch Table,4,18.00,,
Null Signal Games,Null Signal Games,NSG18,2024 Q4 GNK,Other,Merch Table,4,18.00,,
Null Signal Games,Null Signal Games,NSG19,2025 Q1 GNK,Other,Merch Table,4,18.00,,
Null Signal Games,Null Signal Games,NSG20,2025 Q4 GNK,Other,Merch Table,4,18.00,,
Null Signal Games,Null Signal Games,NSG21,2026 Q1 GNK,Other,Merch Table,4,18.00,,
Null Signal Games,Null Signal Games,NSG22,2026 Q2 GNK,Other,Merch Table,4,18.00,,
Null Signal Games,Null Signal Games,NSG23,2026 Q3 GNK,Other,Merch Table,4,18.00,,
Null Signal Games,Null Signal Games,NSG24,2026 Q4 GNK,Other,Merch Table,4,18.00,,
Null Signal Games,Null Signal Games,NSG25,Token Set,Accessory,Merch Table,,14.00,,
PiCat,PiCat,PC1,Vic Polaroid,Alt Art Card Single,Artist Display,,20.00,This will be roughly card shaped and sized but is a different thickness and material to a normal card.,
PiCat,PiCat,PC2,Bladderwort,Alt Art Card Set [3 copies],Artist Display,,10.00,,
PiCat,PiCat,PC3,Moon Pool,Alt Art Card Set [3 copies],Artist Display,,10.00,,
PrintArtificer (Cullen O'Connor),PrintArtificer (Cullen O'Connor),PA1,Deluxe Token Set,Accessory,Artist Display,20,60.00,,
PrintArtificer (Cullen O'Connor),PrintArtificer (Cullen O'Connor),PA2,Double Sided Click Tracker,Accessory,Artist Display,20,15.00,,
PrintArtificer (Cullen O'Connor),PrintArtificer (Cullen O'Connor),PA3,Deck Box - Criminal,Accessory,Artist Display,4,30.00,,
PrintArtificer (Cullen O'Connor),PrintArtificer (Cullen O'Connor),PA4,Deck Box - Anarch,Accessory,Artist Display,4,30.00,,
PrintArtificer (Cullen O'Connor),PrintArtificer (Cullen O'Connor),PA5,Deck Box - Shaper,Accessory,Artist Display,4,30.00,,
PrintArtificer (Cullen O'Connor),PrintArtificer (Cullen O'Connor),PA6,Deck Box - Jinteki,Accessory,Artist Display,4,30.00,,
PrintArtificer (Cullen O'Connor),PrintArtificer (Cullen O'Connor),PA7,Deck Box - HB,Accessory,Artist Display,4,30.00,,
PrintArtificer (Cullen O'Connor),PrintArtificer (Cullen O'Connor),PA8,Deck Box - NBN,Accessory,Artist Display,4,30.00,,
PrintArtificer (Cullen O'Connor),PrintArtificer (Cullen O'Connor),PA9,Deck Box - Weyland,Accessory,Artist Display,4,30.00,,
PrintArtificer (Cullen O'Connor),PrintArtificer (Cullen O'Connor),PA10,Pride Deck Box,Accessory,Merch Table,12,30.00,"Variant item. 3 pride flags, 4 symbols for each pride flag. Rainbow, Trans, Bi. Crim, Shaper, Anarch, Credit",
PrintArtificer (Cullen O'Connor),PrintArtificer (Cullen O'Connor),PA11,Token Case - Neon Static,Accessory,Artist Display,3,30.00,,
PrintArtificer (Cullen O'Connor),PrintArtificer (Cullen O'Connor),PA12,Dial Token - Credit,Accessory,Artist Display,10,4.00,,
PrintArtificer (Cullen O'Connor),PrintArtificer (Cullen O'Connor),PA13,Dial Token - Advancement,Accessory,Artist Display,5,4.00,,
PrintArtificer (Cullen O'Connor),PrintArtificer (Cullen O'Connor),PA14,Dial Token - Tag,Accessory,Artist Display,5,4.00,,
PrintArtificer (Cullen O'Connor),PrintArtificer (Cullen O'Connor),PA15,Dial Token - Power,Accessory,Artist Display,5,4.00,,
PrintArtificer (Cullen O'Connor),PrintArtificer (Cullen O'Connor),PA16,Dial Token - Core Damage,Accessory,Artist Display,5,4.00,,
PrintArtificer (Cullen O'Connor),PrintArtificer (Cullen O'Connor),PA17,Dial Token - MU,Accessory,Artist Display,5,4.00,,
PrintArtificer (Cullen O'Connor),PrintArtificer (Cullen O'Connor),PA18,Dial Token - Max MU,Accessory,Artist Display,5,4.00,,
PrintArtificer (Cullen O'Connor),PrintArtificer (Cullen O'Connor),PA19,Dial Token - Click,Accessory,Artist Display,5,4.00,,
PrintArtificer (Cullen O'Connor),PrintArtificer (Cullen O'Connor),PA20,Team Covenant Token Case,Accessory,Artist Display,4,20.00,,
Purling Designs,Purling Designs,PD1,Arissana Graffiti Frog Plushie,Other,Merch Table,15,15.00,Various colors/combinations available,
Purling Designs,Purling Designs,PD2,Hedge Fund Goose Plushie,Other,Artist Display,2,35.00,,
Purling Designs,Purling Designs,PD3,Gourmand Plushie,Other,Artist Display,2,50.00,,
Purling Designs,Purling Designs,PD4,Fencer Fueno Plushie,Other,Artist Display,2,35.00,,
Purling Designs,Purling Designs,PD5,Mystic Maemi Plushie,Other,Artist Display,2,40.00,,
Purling Designs,Purling Designs,PD6,Trickster Taka Plushie,Other,Artist Display,2,45.00,,
Purling Designs,Purling Designs,PD7,Paladin Poemu Plushie,Other,Artist Display,2,60.00,,
Purling Designs,Purling Designs,PD8,Keiko Plushie,Other,Artist Display,1,70.00,,
Purling Designs,Purling Designs,PD9,Dinosaurus Plushie,Other,Artist Display,1,100.00,,
soarix,soarix,SRX1,Fujii Asset Retrieval,Alt Art Card Set [3 copies],Artist Display,,10.00,,
soarix,soarix,SRX2,GameNet,Alt Art Card Single,Artist Display,,8.00,,
soarix,soarix,SRX3,Adrian Seis,Alt Art Card Set [3 copies],Artist Display,,10.00,,
soarix,soarix,SRX4,Muse,Alt Art Card Set [3 copies],Artist Display,,10.00,,
soarix,soarix,SRX5,Privileged Access,Alt Art Card Set [3 copies],Artist Display,,10.00,,
Stwyde,Stwyde,ST1,AU Co Acrylic (translucent),Alt Art Card Single,Artist Display,8,5.00,,
Stwyde,Stwyde,ST2,AU Co Acrylic (opaque),Alt Art Card Single,Artist Display,8,5.00,,
Stwyde,Stwyde,ST3,MirrorMorph Acrylic,Alt Art Card Single,Artist Display,9,5.00,,
Stwyde,Stwyde,ST4,BANGUN Acrylic,Alt Art Card Single,Artist Display,5,10.00,,
Stwyde,Stwyde,ST5,Editorial Division Acrylic,Alt Art Card Single,Artist Display,5,10.00,,
Stwyde,Stwyde,ST6,Piranhas alt art,Alt Art Card Set [3 copies],Artist Display,10,5.00,,
Stwyde,Stwyde,ST7,Maglectric Rapid (748 Mod) ,Alt Art Card Set [3 copies],Artist Display,10,5.00,,
SNARE MEMORIAL,Scott Uminga,SMTAC1,Transfer of Wealth,Alt Art Card Set [3 copies],Artist Display,74 (223 cards),7.00,,
SNARE MEMORIAL,Scott Uminga,SMTAC2,End of the Line,Alt Art Card Set [3 copies],Artist Display,33 (99 cards),7.00,,
SNARE MEMORIAL,Scott Uminga,SMTAC3,Trick Shot (Foil),Alt Art Card Set [3 copies],Artist Display,1 (3 cards),10.00,,
SNARE MEMORIAL,Nicky Cheng,SMTAC4,Empiricist,Alt Art Card Set [3 copies],Artist Display,27 (81 cards),7.00,,
SNARE MEMORIAL,Nicky Cheng,SMTAC5,Your Digital Life,Alt Art Card Set [3 copies],Artist Display,27 (81 cards),7.00,,
SNARE MEMORIAL,Nicky Cheng,SMTAC6,Your Digital Life (Foil),Alt Art Card Set [3 copies],Artist Display,17 (51 cards),10.00,,
SNARE MEMORIAL,Nicky Cheng,SMTAC7,Unsmiling Tsarevna,Alt Art Card Set [3 copies],Artist Display,15 (45 cards),7.00,,
SNARE MEMORIAL,Nicky Cheng,SMTAC8,Unsmiling Tsarevna (Foil),Alt Art Card Set [3 copies],Artist Display,18 (54 cards),10.00,,
SNARE MEMORIAL,Nicky Cheng,SMTAC9,Melies U,Alt Art Card Set [3 copies],Artist Display,65,10.00,Note that this is sold as a playset but it is three separate cards,
SNARE MEMORIAL,Nicky Cheng,SMTAC10,Precision Design,Alt Art Card Single,Artist Display,63,5.00,,
SNARE MEMORIAL,Nicky Cheng,SMTAC11,Precision Design (Foil),Alt Art Card Single,Artist Display,41,8.00,,
SNARE MEMORIAL,formerteen,SMTAC12,Clean Getaway,Alt Art Card Set [3 copies],Artist Display,26 (78 cards),5.00,,
SNARE MEMORIAL,formerteen,SMTAC13,Petty Cash,Alt Art Card Set [3 copies],Artist Display,29 (87 cards),5.00,,
SNARE MEMORIAL,formerteen,SMTAC14,Let Them Dream,Alt Art Card Set [3 copies],Artist Display,9 (27 cards),5.00,,
SNARE MEMORIAL,SNARE MEMORIAL,SMTAC15,"""Knickknack"" O'Brian",Alt Art Card Set [3 copies],Artist Display,36 (108 cards),5.00,,
SNARE MEMORIAL,Scott Uminga,SMTAC16,Trick Shot Playmat,Other,Artist Display,12,35.00,,
SNARE MEMORIAL,Scott Uminga,SMTAC17,Transfer of Wealth Playmat,Other,Artist Display,12,35.00,,
SNARE MEMORIAL,Nicky Cheng,SMTAC18,Melies U Playmat,Other,Artist Display,,35.00,,
SNARE MEMORIAL,Nicky Cheng,SMTAC19,Art Print,Art Print,Artist Display,,15.00,,
SNARE MEMORIAL,Nicky Cheng,SMTAC20,Set of All 3 Prints,Art Print,Artist Display,,40.00,,
SNARE MEMORIAL,SNARE MEMORIAL,SMTAC21,Small Stickers,Sticker,Artist Display,,2.00,,
SNARE MEMORIAL,SNARE MEMORIAL,SMTAC22,Small Stickers (3 for $5),Sticker,Artist Display,,5.00,,
SNARE MEMORIAL,SNARE MEMORIAL,SMTAC23,Bumper Sticker,Sticker,Artist Display,,12.00,,
SNARE MEMORIAL,SNARE MEMORIAL,SMTAC24,Bumper Sticker (2 for $20),Sticker,Artist Display,,20.00,,
The Tag Mill,The Tag Mill,TM1,"Grey Area Set (6 x playsets + set card)
Bahia Bands, Petty Cash, B 1001, Regolith Mining Licence, Sure Gamble, Hedge Fund, single promo Grey Area Set Card",Alt Art Card Set [Other],Artist Display,5 sets made up (but please assemble from playsets below if sold out),45.00,"Playsets of: Bahia Bands, Petty Cash, B 1001, Regolith Mining Licence, Sure Gamble, Hedge Fund and a promotional single Grey Area Set Card",
The Tag Mill,The Tag Mill,TM2,"Op Art Set (6 x playsets + set card)
Seamless Launch, Spin Doctor, Send a Message, Anthill Excavation Contract, Flyswatter, Semak-samun, single promo Op Art Set Card",Alt Art Card Set [Other],Artist Display,5 sets made up (but please assemble from playsets below if sold out),45.00,"Playsets of: Seamless Launch, Spin Doctor, Send a Message, Anthill Excavation Contract, Flyswatter, Semak-samun, and a single promo Op Art Set Card",
The Tag Mill,The Tag Mill,TM3,"Breaking In Set (6 x playsets + set card)
Begemot, Buzzsaw, Carmen, Echelon, Jailbreak, Propeller, single promo Break In Set Card",Alt Art Card Set [Other],Artist Display,5 sets made up (but please assemble from playsets below if sold out),45.00,"Playset of: Begemot, Buzzsaw, Carmen, Echelon, Jailbreak, Propeller, and a single promo Break In Set Card",
The Tag Mill,The Tag Mill,TM4,"Sent It! Set (6 x playsets + set card)
Cataloguer, Cupellation, Hannah ""Wheels"" Pilintra, Dr Nuka, Privileged Access, Swift, single promo Send It Set Card",Alt Art Card Set [Other],Artist Display,5 sets made up (but please assemble from playsets below if sold out),45.00,"Playset of: Cataloguer, Cupellation, Hannah ""Wheels"" Pilintra, Dr Nuka, Privileged Access, Swift, and a single promo Send It Set Card",
The Tag Mill,The Tag Mill,TM5,"Snack Attack Set (6 x playsets + set card)
Anemone, Bladderwort, Heliamphora, Audrey, Mycoweb, Physarum Entangler, single promo Snack Attack Card",Alt Art Card Set [Other],Artist Display,5 sets made up (but please assemble from playsets below if sold out),45.00,"Playset of: Anemone, Bladderwort, Heliamphora, Audrey, Mycoweb, Physarum Entangler, and a single promo Snack Attack Card",
The Tag Mill,The Tag Mill,TM6,"Creative Commission Set (6 x playsets)
Annicam, Muse, Revolver, Strike Fund, YDL, Cezve",Alt Art Card Set [Other],Artist Display,5 sets made up (but please assemble from playsets below if sold out),45.00,"Playset of: Annicam, Muse, Revolver, Strike Fund, YDL, Cezve (no promo card in this set)",
The Tag Mill,The Tag Mill,TM7,Sure Gamble,Alt Art Card Set [3 copies],Artist Display,8,10.00,Grey Area Card ,
The Tag Mill,The Tag Mill,TM8,Hedge Fund,Alt Art Card Set [3 copies],Artist Display,8,10.00,Grey Area Card ,
The Tag Mill,The Tag Mill,TM9,B-1001,Alt Art Card Set [3 copies],Artist Display,6,10.00,Grey Area Card ,
The Tag Mill,The Tag Mill,TM10,Petty Cash ,Alt Art Card Set [3 copies],Artist Display,10,10.00,Grey Area Card ,
The Tag Mill,The Tag Mill,TM11,Regolith Mining License ,Alt Art Card Set [3 copies],Artist Display,10,10.00,Grey Area Card ,
The Tag Mill,The Tag Mill,TM12,Bahia Bands,Alt Art Card Set [3 copies],Artist Display,10,10.00,Grey Area Card ,
The Tag Mill,The Tag Mill,TM13,Flyswatter,Alt Art Card Set [3 copies],Artist Display,10,10.00,Op Art Card ,
The Tag Mill,The Tag Mill,TM14,Spin Dr,Alt Art Card Set [3 copies],Artist Display,10,10.00,Op Art Card ,
The Tag Mill,The Tag Mill,TM15,Semak-samun,Alt Art Card Set [3 copies],Artist Display,10,10.00,Op Art Card ,
The Tag Mill,The Tag Mill,TM16,Seamless Launch,Alt Art Card Set [3 copies],Artist Display,10,10.00,Op Art Card ,
The Tag Mill,The Tag Mill,TM17,Anthill Excavation Contract,Alt Art Card Set [3 copies],Artist Display,10,10.00,Op Art Card ,
The Tag Mill,The Tag Mill,TM18,Send A Message ,Alt Art Card Set [3 copies],Artist Display,10,10.00,Op Art Card ,
The Tag Mill,The Tag Mill,TM19,Carmen,Alt Art Card Set [3 copies],Artist Display,10,10.00,Breaking In Card,
The Tag Mill,The Tag Mill,TM20,Buzzsaw,Alt Art Card Set [3 copies],Artist Display,10,10.00,Breaking In Card,
The Tag Mill,The Tag Mill,TM21,Begemot,Alt Art Card Set [3 copies],Artist Display,10,10.00,Breaking In Card,
The Tag Mill,The Tag Mill,TM22,Echelon,Alt Art Card Set [3 copies],Artist Display,10,10.00,Breaking In Card,
The Tag Mill,The Tag Mill,TM23,Jailbreak,Alt Art Card Set [3 copies],Artist Display,10,10.00,Breaking In Card,
The Tag Mill,The Tag Mill,TM24,Propeller,Alt Art Card Set [3 copies],Artist Display,10,10.00,Breaking In Card,
The Tag Mill,The Tag Mill,TM25,Cataloguer,Alt Art Card Set [3 copies],Artist Display,10,10.00,Send It! Card ,
The Tag Mill,The Tag Mill,TM26,"Hannah ""Wheels"" Pilintra ",Alt Art Card Set [3 copies],Artist Display,10,10.00,Send It! Card ,
The Tag Mill,The Tag Mill,TM27,Cupellation,Alt Art Card Set [3 copies],Artist Display,10,10.00,Send It! Card ,
The Tag Mill,The Tag Mill,TM28,Privileged Access,Alt Art Card Set [3 copies],Artist Display,10,10.00,Send It! Card ,
The Tag Mill,The Tag Mill,TM29,Swift,Alt Art Card Set [3 copies],Artist Display,10,10.00,Send It! Card ,
The Tag Mill,The Tag Mill,TM30,Dr Nuka,Alt Art Card Set [3 copies],Artist Display,10,10.00,Send It! Card ,
The Tag Mill,The Tag Mill,TM31,Aniccam,Alt Art Card Set [3 copies],Artist Display,10,10.00,Creative Commission Card ,
The Tag Mill,The Tag Mill,TM32,Your Digital Life,Alt Art Card Set [3 copies],Artist Display,10,10.00,Creative Commission Card ,
The Tag Mill,The Tag Mill,TM33,Cezve,Alt Art Card Set [3 copies],Artist Display,10,10.00,Creative Commission Card ,
The Tag Mill,The Tag Mill,TM34,Muse,Alt Art Card Set [3 copies],Artist Display,10,10.00,Creative Commission Card ,
The Tag Mill,The Tag Mill,TM35,Revolver,Alt Art Card Set [3 copies],Artist Display,10,10.00,Creative Commission Card ,
The Tag Mill,The Tag Mill,TM36,Strike Fund,Alt Art Card Set [3 copies],Artist Display,10,10.00,Creative Commission Card ,
The Tag Mill,The Tag Mill,TM37,Bladderwort,Alt Art Card Set [3 copies],Artist Display,10,10.00,Snack Attack Card ,
The Tag Mill,The Tag Mill,TM38,Physarum Entangler,Alt Art Card Set [3 copies],Artist Display,10,10.00,Snack Attack Card ,
The Tag Mill,The Tag Mill,TM39,Anemone,Alt Art Card Set [3 copies],Artist Display,10,10.00,Snack Attack Card ,
The Tag Mill,The Tag Mill,TM40,Audrey v2,Alt Art Card Set [3 copies],Artist Display,10,10.00,Snack Attack Card ,
The Tag Mill,The Tag Mill,TM41,Mycoweb,Alt Art Card Set [3 copies],Artist Display,10,10.00,Snack Attack Card ,
The Tag Mill,The Tag Mill,TM42,Heliamphora,Alt Art Card Set [3 copies],Artist Display,10,10.00,Snack Attack Card ,
The Tag Mill,The Tag Mill,TM43,Subliminal Messaging (Rotated),Alt Art Card Set [3 copies],Artist Display,5,6.00,Rotated Card Discount ,
The Tag Mill,The Tag Mill,TM44,Anansi (Rotated),Alt Art Card Set [3 copies],Artist Display,5,6.00,Rotated Card Discount ,
The Tag Mill,The Tag Mill,TM45,Border Control (Rotated),Alt Art Card Set [3 copies],Artist Display,5,6.00,Rotated Card Discount ,
The Tag Mill,The Tag Mill,TM46,Rashida Jaheem (Rotated),Alt Art Card Set [3 copies],Artist Display,5,6.00,Rotated Card Discount ,
The Tag Mill,The Tag Mill,TM47,HOLO Hedge Fund,Alt Art Card Set [3 copies],Artist Display,10,15.00,Holographic ,
The Tag Mill,The Tag Mill,TM48,HOLO Sure Gamble,Alt Art Card Set [3 copies],Artist Display,9,15.00,Holographic ,
The Tag Mill,The Tag Mill,TM49,Zahya,Sticker,Artist Display,10,5.00,,
The Tag Mill,The Tag Mill,TM50,Loup,Sticker,Artist Display,10,5.00,,
The Tag Mill,The Tag Mill,TM51,Tao,Sticker,Artist Display,5,5.00,,
The Tag Mill,The Tag Mill,TM52,Built to Last,Sticker,Artist Display,5,5.00,,
The Tag Mill,The Tag Mill,TM53,Precision Design,Sticker,Artist Display,5,5.00,,
The Tag Mill,The Tag Mill,TM54,Reality +,Sticker,Artist Display,8,5.00,,
The Tag Mill,The Tag Mill,TM55,Arissana,Sticker,Artist Display,8,5.00,,
The Tag Mill,The Tag Mill,TM56,Slap Vandal,Sticker,Artist Display,10,5.00,,
The Tag Mill,The Tag Mill,TM57,Restoring Humanity,Sticker,Artist Display,5,5.00,,
The Tag Mill,The Tag Mill,TM58,Undo Click (Jnet Vibes),Sticker,Artist Display,8,5.00,,
The Tag Mill,The Tag Mill,TM59,Run Last Click,Sticker,Artist Display,10,5.00,,
The Tag Mill,The Tag Mill,TM60,I Whiff Deep Dives Blue,Sticker,Artist Display,10,5.00,,
The Tag Mill,The Tag Mill,TM61,I Whiff Deep Dives Orange,Sticker,Artist Display, ,5.00,,
The Tag Mill,The Tag Mill,TM62,100% Win Rate on JNET,Sticker,Artist Display,5,5.00,,
The Tag Mill,The Tag Mill,TM63,Warning May Contain Jank ,Sticker,Artist Display,6,5.00,,
The Tag Mill,The Tag Mill,TM64,"Take Two Tage (""The Oppo"")",Sticker,Artist Display,3,5.00,,
The Tag Mill,The Tag Mill,TM65,Jank Sauce,Sticker,Artist Display,6,5.00,,
The Tag Mill,The Tag Mill,TM66,I Heart Netrunner,Sticker,Artist Display,10,5.00,,
The Tag Mill,The Tag Mill,TM67,Credit Trio,Sticker,Artist Display,9,5.00,,
The Tag Mill,The Tag Mill,TM68,Any 3 Stickers,Sticker,Artist Display,,10.00,,
The Tag Mill,The Tag Mill,TM69,Click Trackers ,Accessory,Merch Table,10,6.00,Stored inside Alt Art Box (various colours to display on Merch Table) ,
ToBeAsh,ToBeAsh,,"Pay what you want.
Select $7, $10, or $11 CAD",,Artist Display,,,,
ToBeAsh,ToBeAsh,ASH01_7,Measured Response (double-sided) $7,Alt Art Card Set [3 copies],Artist Display,,7.00,"""pay what you want""",
ToBeAsh,ToBeAsh,ASH01_10,Measured Response (double-sided) $10,Alt Art Card Set [3 copies],Artist Display,,10.00,"""pay what you want""",
ToBeAsh,ToBeAsh,ASH01_11,Measured Response (double-sided) $11,Alt Art Card Set [3 copies],Artist Display,,11.00,"""pay what you want""",
ToBeAsh,ToBeAsh,ASH02_7,Nanomanagement $7,Alt Art Card Set [3 copies],Artist Display,,7.00,"""pay what you want""",
ToBeAsh,ToBeAsh,ASH02_10,Nanomanagement $10,Alt Art Card Set [3 copies],Artist Display,,10.00,"""pay what you want""",
ToBeAsh,ToBeAsh,ASH02_11,Nanomanagement $11,Alt Art Card Set [3 copies],Artist Display,,11.00,"""pay what you want""",
ToBeAsh,ToBeAsh,ASH03_7,Hybrid Release $7,Alt Art Card Set [3 copies],Artist Display,,7.00,"""pay what you want""",
ToBeAsh,ToBeAsh,ASH03_10,Hybrid Release $10,Alt Art Card Set [3 copies],Artist Display,,10.00,"""pay what you want""",
ToBeAsh,ToBeAsh,ASH03_11,Hybrid Release $11,Alt Art Card Set [3 copies],Artist Display,,11.00,"""pay what you want""",
ToBeAsh,ToBeAsh,ASH04_7,Magistrate Revontulet $7,Alt Art Card Set [3 copies],Artist Display,,7.00,"""pay what you want""",
ToBeAsh,ToBeAsh,ASH04_10,Magistrate Revontulet $10,Alt Art Card Set [3 copies],Artist Display,,10.00,"""pay what you want""",
ToBeAsh,ToBeAsh,ASH04_11,Magistrate Revontulet $11,Alt Art Card Set [3 copies],Artist Display,,11.00,"""pay what you want""",
ToBeAsh,ToBeAsh,ASH05_7,Cohort Guidance Program $7,Alt Art Card Set [3 copies],Artist Display,,7.00,"""pay what you want""",
ToBeAsh,ToBeAsh,ASH05_10,Cohort Guidance Program $10,Alt Art Card Set [3 copies],Artist Display,,10.00,"""pay what you want""",
ToBeAsh,ToBeAsh,ASH05_11,Cohort Guidance Program $11,Alt Art Card Set [3 copies],Artist Display,,11.00,"""pay what you want""",
ToBeAsh,ToBeAsh,ASH06_7,Biawak $7,Alt Art Card Set [3 copies],Artist Display,,7.00,"""pay what you want""",
ToBeAsh,ToBeAsh,ASH06_10,Biawak $10,Alt Art Card Set [3 copies],Artist Display,,10.00,"""pay what you want""",
ToBeAsh,ToBeAsh,ASH06_11,Biawak $11,Alt Art Card Set [3 copies],Artist Display,,11.00,"""pay what you want""",
ToBeAsh,ToBeAsh,ASH07_7,Regenesis $7,Alt Art Card Set [3 copies],Artist Display,,7.00,"""pay what you want""",
ToBeAsh,ToBeAsh,ASH07_10,Regenesis $10,Alt Art Card Set [3 copies],Artist Display,,10.00,"""pay what you want""",
ToBeAsh,ToBeAsh,ASH07_11,Regenesis $11,Alt Art Card Set [3 copies],Artist Display,,11.00,"""pay what you want""",
ToBeAsh,ToBeAsh,ASH08_7,Oppo Research $7,Alt Art Card Set [3 copies],Artist Display,,7.00,"""pay what you want""",
ToBeAsh,ToBeAsh,ASH08_10,Oppo Research $10,Alt Art Card Set [3 copies],Artist Display,,10.00,"""pay what you want""",
ToBeAsh,ToBeAsh,ASH08_11,Oppo Research $11,Alt Art Card Set [3 copies],Artist Display,,11.00,"""pay what you want""",
ToBeAsh,ToBeAsh,ASH09_7,Aniccam $7,Alt Art Card Set [3 copies],Artist Display,,7.00,"""pay what you want""",
ToBeAsh,ToBeAsh,ASH09_10,Aniccam $10,Alt Art Card Set [3 copies],Artist Display,,10.00,"""pay what you want""",
ToBeAsh,ToBeAsh,ASH09_11,Aniccam $11,Alt Art Card Set [3 copies],Artist Display,,11.00,"""pay what you want""",
ToBeAsh,ToBeAsh,ASH10_7,Afterimage $7,Alt Art Card Set [3 copies],Artist Display,,7.00,"""pay what you want""",
ToBeAsh,ToBeAsh,ASH10_10,Afterimage $10,Alt Art Card Set [3 copies],Artist Display,,10.00,"""pay what you want""",
ToBeAsh,ToBeAsh,ASH10_11,Afterimage $11,Alt Art Card Set [3 copies],Artist Display,,11.00,"""pay what you want""",
ToBeAsh,ToBeAsh,ASH11_7,Simulchip $7,Alt Art Card Set [3 copies],Artist Display,,7.00,"""pay what you want""",
ToBeAsh,ToBeAsh,ASH11_10,Simulchip $10,Alt Art Card Set [3 copies],Artist Display,,10.00,"""pay what you want""",
ToBeAsh,ToBeAsh,ASH11_11,Simulchip $11,Alt Art Card Set [3 copies],Artist Display,,11.00,"""pay what you want""",
ToBeAsh,ToBeAsh,ASH12_7,Hermes $7,Alt Art Card Set [3 copies],Artist Display,,7.00,"""pay what you want""",
ToBeAsh,ToBeAsh,ASH12_10,Hermes $10,Alt Art Card Set [3 copies],Artist Display,,10.00,"""pay what you want""",
ToBeAsh,ToBeAsh,ASH12_11,Hermes $11,Alt Art Card Set [3 copies],Artist Display,,11.00,"""pay what you want""",
ToBeAsh,ToBeAsh,ASH13_7,Audrey v2 $7,Alt Art Card Set [3 copies],Artist Display,,7.00,"""pay what you want""",
ToBeAsh,ToBeAsh,ASH13_10,Audrey v2 $10,Alt Art Card Set [3 copies],Artist Display,,10.00,"""pay what you want""",
ToBeAsh,ToBeAsh,ASH13_11,Audrey v2 $11,Alt Art Card Set [3 copies],Artist Display,,11.00,"""pay what you want""",
ToBeAsh,ToBeAsh,ASH14,AU co (double-sided),Alt Art Card Single,Artist Display,,6.00,,
ToBeAsh,ToBeAsh,ASH15,Gamenet (double-sided),Alt Art Card Single,Artist Display,,6.00,,
ToBeAsh,ToBeAsh,ASH16,Topan (double-sided),Alt Art Card Single,Artist Display,,6.00,,
ToBeAsh,ToBeAsh,ASH17,Magdalene Keino-Chemutai (double-sided),Alt Art Card Single,Artist Display,,6.00,,
ToBeAsh,ToBeAsh,ASH18,"René ""Loup"" Arcemont (double-sided)",Alt Art Card Single,Artist Display,,6.00,,
ToBeAsh,ToBeAsh,ASH19,Esâ Afontov,Alt Art Card Single,Artist Display,,6.00,,
tzeentchling,tzeentchling,TZ01,Coalescence,Alt Art Card Set [3 copies],Artist Display,20,8.00,,
tzeentchling,tzeentchling,TZ02,Measured Response,Alt Art Card Set [3 copies],Artist Display,28,8.00,,
tzeentchling,tzeentchling,TZ03,Petty Cash,Alt Art Card Set [3 copies],Artist Display,15,10.00,,
tzeentchling,tzeentchling,TZ04,Illumination,Alt Art Card Set [3 copies],Artist Display,25,10.00,,
Vale,Vale,,Proceeds towards Medecins Sans Frontieres,,,,,,
Vale,Vale,VA1,Arcs-inspired Built to Last,Alt Art Card Single,Artist Display,31,5.00,Proceeds towards Medecins Sans Frontieres,
Vale,Vale,VA2,Arcs-inspired Precision Design,Alt Art Card Single,Artist Display,32,5.00,Proceeds towards Medecins Sans Frontieres,
Vale,Vale,VA3,Arcs-inspired Reality Plus,Alt Art Card Single,Artist Display,37,5.00,Proceeds towards Medecins Sans Frontieres,
Vale,Vale,VA4,Arcs-inspired Restoring Humanity,Alt Art Card Single,Artist Display,37,5.00,Proceeds towards Medecins Sans Frontieres,
Vale,Vale,VA5,Arcs-Inspired Thule Subsea,Alt Art Card Single,Artist Display,23,5.00,Proceeds towards Medecins Sans Frontieres,
Zen-r0b0 ,Zen-r0b0 ,ZR1,Flyswatter (Mario Paint style),Alt Art Card Set [3 copies],Artist Display,,5.00,Two sides with two styles,
Zen-r0b0 ,Zen-r0b0 ,ZR2,Flyswatter (Mario Paint style) Foil,Alt Art Card Set [3 copies],Artist Display,,10.00,,
Zen-r0b0 ,Zen-r0b0 ,ZR3,Dr. Nuka (Fallout style),Alt Art Card Set [3 copies],Artist Display,,7.50,,
Zen-r0b0 ,Zen-r0b0 ,ZR4,Dr. Nuka (Fallout style) Foil,Alt Art Card Set [3 copies],Artist Display,,15.00,,
Zen-r0b0 ,Zen-r0b0 ,ZR5,AU Co. acrylic ID with counter,Alt Art Card Single,Artist Display,,25.00,Acrylic with built-in counter,
Zen-r0b0 ,Zen-r0b0 ,ZR6,MU acrylic Tokens (set of 8),Accessory,Artist Display,,15.00,8 acrylic tokens,
Zen-r0b0 ,Zen-r0b0 ,ZR7,ID / I DID tokens,Accessory,Artist Display,,1.00,2-sided Acrylic token,
Zen-r0b0 ,JEV,ZR8,Mark Indicator acrylic 2-sided,Accessory,Artist Display,,10.00,Acrylic card with d6 roll indicator slot,